StartDate,EndDate,Status,IPAddress,Progress,Duration (in seconds),Finished,RecordedDate,ResponseId,RecipientLastName,RecipientFirstName,RecipientEmail,ExternalReference,LocationLatitude,LocationLongitude,DistributionChannel,UserLanguage,Consent,check-decrease-1,check-increase-1,check-2,overall-strategy,gender,gender_4_TEXT,age,education,experience_1,experience_2,experience_3,experience_4,effort,feedback,PROLIFIC_PID,size1,size2,size3,size4,size5,dataset1,dataset2,dataset3,dataset4,dataset5,method1,method2,method3,method4,method5,size00,size01,order,row,col,dataset,method
2024-02-26 12:20:53,2024-02-26 12:23:41,0,95.108.64.194,100,167,1,2024-02-26 12:23:42,R_1ImxaEHNalrNyhG,,,,,52.4052,16.9339,anonymous,EN,1,2,,2,i was looking if the patern is similar,1,,22,6,0,0,0,,2,no,5ecbc40644972a757d8611b7,6407,21624,14416,1266,21624,apps,hidden,fraud,mnist,pollution,outlier,vas,random,blue,maxmin,1500,200,lts,5,5,pollution,maxmin
2024-02-26 12:20:46,2024-02-26 12:24:24,0,188.82.181.116,100,217,1,2024-02-26 12:24:24,R_7Fr6npHUVp4twY1,,,,,41.2034,-8.6022,anonymous,EN,1,,2,2,"Just try to make the figure look like the original pattern
",1,,20,3,0,0,1,,3,,6074de03363deb52b54eccf4,32437,2848,32437,2848,32437,apps,hidden,fraud,mnist,pollution,outlier,vas,random,blue,maxmin,200,na,stl,5,5,pollution,maxmin
2024-02-26 12:20:34,2024-02-26 12:24:25,0,95.95.180.36,100,231,1,2024-02-26 12:24:26,R_5lg6FLsoQuQVQRz,,,,,38.8591,-9.0571,anonymous,EN,1,2,,3,I try to reduced it until I stop recognize the original shape,1,,47,5,1,0,20,,2,,5c1ed63210140800013f5ffb,14416,na,na,2848,14416,apps,hidden,fraud,mnist,pollution,vas,random,blue,maxmin,outlier,3000,na,lts,4,5,pollution,outlier
2024-02-26 12:21:15,2024-02-26 12:25:15,0,149.90.229.17,100,240,1,2024-02-26 12:25:16,R_22lMPtd4F9z8Z0P,,,,,41.1691,-8.6793,anonymous,EN,1,,2,3,"no different strategy.
just visualisation. and shape",1,,40,2,5,,20,,3,,616c9b13318596cee463a499,na,na,1266,6407,na,apps,hidden,fraud,mnist,pollution,random,blue,maxmin,outlier,vas,200,na,stl,3,5,pollution,vas
2024-02-26 12:20:46,2024-02-26 12:25:30,0,151.18.139.221,100,284,1,2024-02-26 12:25:31,R_3di0OshocPVwQZe,,,,,45.4722,9.1922,anonymous,EN,1,,2,3,I use the form as a sign of similarity,1,,25,7,13,7,2,,3,Most of the images weren't similar to the original,6169b0218c99bde32fa3cbe4,21624,na,4271,32437,na,apps,hidden,fraud,mnist,pollution,random,blue,maxmin,outlier,vas,1500,1200,stl,3,1,apps,random
2024-02-26 12:20:41,2024-02-26 12:25:34,0,94.60.204.166,100,293,1,2024-02-26 12:25:35,R_70w1l8rqcKHirJ1,,,,,41.1691,-8.6793,anonymous,EN,1,,1,2,"yes, its easier on the dots and harder on the bars. because its easier the imagine de result conecting the dots.",1,,37,2,0,0,0,,2,,5e8cbaafcbf01e067b12002a,32437,32437,na,32437,na,apps,hidden,fraud,mnist,pollution,blue,maxmin,outlier,vas,random,1500,na,stl,2,4,mnist,vas
2024-02-26 12:20:54,2024-02-26 12:25:59,0,80.99.24.134,100,305,1,2024-02-26 12:26:00,R_8jGbdGR6Oy6rcY1,,,,,47.5636,19.0947,anonymous,EN,1,2,,2,I can not explain.,1,,39,6,1,0,0,0,2,,6008b7087367795557f236cd,1266,4271,844,14416,2848,apps,hidden,fraud,mnist,pollution,blue,maxmin,outlier,vas,random,1000,na,lts,2,1,apps,blue
2024-02-26 12:20:53,2024-02-26 12:26:15,0,121.99.208.121,100,321,1,2024-02-26 12:26:16,R_4hYYXytI8WEWWAD,,,,,-37.8134,175.2842,anonymous,EN,1,1,,3,I tried to make sure the pattern from the original was as close to the sample size and placement as possible,1,,23,3,0,0,0,0,3,no,65ab498a8aa3d8ad2713478d,na,14416,9611,4271,9611,apps,hidden,fraud,mnist,pollution,outlier,vas,random,blue,maxmin,750,na,lts,5,4,mnist,blue
2024-02-26 12:20:41,2024-02-26 12:26:27,0,78.11.201.19,100,346,1,2024-02-26 12:26:28,R_7ps92aXt1wPdOCD,,,,,50.0585,19.9342,anonymous,EN,1,2,,2,I had stopped when I could no longer distinguished the pattern occuring in the orginal visualisations.,2,,28,7,0,0,0,0,3,,6000142696d3bf1af8b74849,na,9611,1266,4271,na,apps,hidden,fraud,mnist,pollution,random,blue,maxmin,outlier,vas,200,na,lts,3,4,mnist,outlier
2024-02-26 12:21:11,2024-02-26 12:26:52,0,200.120.80.204,100,340,1,2024-02-26 12:26:53,R_1TFxpBQXTSPDyvo,,,,,-33.4521,-70.6536,anonymous,EN,1,,2,2,"I made sure that the sample points captured the general behaviour of the original plot, using the least amount of points possible. This meant observing general shapes and rates of change in the sample points.",2,,21,3,0,0,0,0,3,,5eaa3db0398cc31d177be481,na,na,na,2848,21624,apps,hidden,fraud,mnist,pollution,vas,random,blue,maxmin,outlier,200,na,stl,4,2,hidden,random
2024-02-26 12:20:59,2024-02-26 12:26:57,0,188.122.20.65,100,357,1,2024-02-26 12:26:57,R_2gUiO7fLDbhtZTr,,,,,51.1038,17.0397,anonymous,EN,1,2,,3,I adopted similar criteria and followed them in each example.,1,,30,7,2,1,5,,3,everything was allright,5f3d3186010cab050f959855,14416,na,4271,4271,9611,apps,hidden,fraud,mnist,pollution,vas,random,blue,maxmin,outlier,1500,na,lts,4,4,mnist,maxmin
2024-02-26 12:21:13,2024-02-26 12:26:58,0,193.207.115.7,100,345,1,2024-02-26 12:26:59,R_1Js2rwF3TjAyxNf,,,,,43.1479,12.1097,anonymous,EN,1,2,,3,I used my visualization skills to make the two pictures similar,2,,44,7,0,,,,2,,5efedcae42adfe000b4291c7,1898,14416,2848,14416,6407,apps,hidden,fraud,mnist,pollution,outlier,vas,random,blue,maxmin,2500,1400,lts,5,2,hidden,vas
2024-02-26 12:21:03,2024-02-26 12:27:03,0,89.134.25.237,100,360,1,2024-02-26 12:27:04,R_8qqCVz9g3fn67kY,,,,,47.5636,19.0947,anonymous,EN,1,2,,3,I determined it to base it to all samples provided to me,1,,24,6,1,1,2,,3,no,64f56a2f39ad7a9ae338d534,844,21624,32437,32437,1266,apps,hidden,fraud,mnist,pollution,blue,maxmin,outlier,vas,random,3000,1600,lts,2,3,fraud,outlier
2024-02-26 12:20:57,2024-02-26 12:27:09,0,147.235.223.155,100,372,1,2024-02-26 12:27:10,R_4qvdZvg3QVSoTaV,,,,,32.816,34.9821,anonymous,EN,1,,1,3,i looked at the dots to see that it issmilar on both sides,2,,25,6,0,0,0,0,3,,61128d38f512d6800205d192,na,na,32437,na,14416,apps,hidden,fraud,mnist,pollution,maxmin,outlier,vas,random,blue,1500,na,stl,1,1,apps,maxmin
2024-02-26 12:21:06,2024-02-26 12:27:37,0,189.175.79.153,100,390,1,2024-02-26 12:27:37,R_7lVPilaNJcER7Op,,,,,25.6196,-100.2699,anonymous,EN,1,2,,2,I tried to keep the original form. ,2,,33,6,1,0,8,,2,,5b7b8153db11320001c412e8,9611,1898,375,6407,9611,apps,hidden,fraud,mnist,pollution,maxmin,outlier,vas,random,blue,500,na,lts,1,3,fraud,vas
2024-02-26 12:20:52,2024-02-26 12:27:40,0,161.230.238.47,100,407,1,2024-02-26 12:27:40,R_8uKRnWrSzrMlYOg,,,,,41.5515,-8.4204,anonymous,EN,1,,2,2,"I use the same stategy for every visualization, I tried to identify the defining characteristics of the original and then choose the sample with the same characteristics and using the smaller samples possible",2,,31,7,1,1,2,0,3,No,5da03c3607c83700140a3d8f,na,na,844,2848,32437,apps,hidden,fraud,mnist,pollution,maxmin,outlier,vas,random,blue,500,na,stl,1,5,pollution,blue
2024-02-26 12:21:20,2024-02-26 12:27:40,0,2.81.240.51,100,379,1,2024-02-26 12:27:40,R_4rNzvYEaooaveKi,,,,,39.9177,-8.6328,anonymous,EN,1,,1,3,"I started to make the sample as complete as the original and take in account the spaces where there were no dots too
",1,,22,6,4,3,0,0,2,The first example was not showing up so i could not see the slider affecting the images but the rest worked fine,5e9998a757c6fe1cc644435f,32437,32437,32437,32437,844,apps,hidden,fraud,mnist,pollution,random,blue,maxmin,outlier,vas,500,na,stl,3,5,pollution,vas
2024-02-26 12:22:23,2024-02-26 12:28:03,0,109.125.218.26,100,339,1,2024-02-26 12:28:03,R_2ioBrnSVBaaxxN7,,,,,52.1703,22.2834,anonymous,EN,1,,1,3,"I tried to choose an image that was similar to the original each time, and if it wasn't, I clicked the appropriate button below.",2,,23,3,0,0,0,0,3,no,5f36cbc35fc3f70f6385f664,na,32437,na,32437,32437,apps,hidden,fraud,mnist,pollution,outlier,vas,random,blue,maxmin,1500,na,stl,5,1,apps,outlier
2024-02-26 12:20:42,2024-02-26 12:28:11,0,79.169.158.182,100,449,1,2024-02-26 12:28:12,R_1jhEGFK5VRbp45P,,,,,39.7433,-8.8056,anonymous,EN,1,,1,3,I just tried to see which appeared that matched the most,2,,27,7,1,1,0,,2,the explanation was too confusing,5ef618993fecc70b5984e05c,na,na,na,9611,21624,apps,hidden,fraud,mnist,pollution,vas,random,blue,maxmin,outlier,1500,na,stl,4,4,mnist,maxmin
2024-02-26 12:21:19,2024-02-26 12:28:15,0,85.245.50.136,100,416,1,2024-02-26 12:28:15,R_89oGM31YcSHglJq,,,,,38.6426,-27.2075,anonymous,EN,1,1,,2,Just trying to compare and have the figures say the same with less,1,,27,2,0,0,0,0,2,No,5f900008e536b802b29f7130,na,na,9611,9611,14416,apps,hidden,fraud,mnist,pollution,maxmin,outlier,vas,random,blue,1000,na,lts,1,4,mnist,random
2024-02-26 12:20:34,2024-02-26 12:29:12,0,188.37.236.172,100,517,1,2024-02-26 12:29:13,R_4HNtj6sgYSo99Vn,,,,,41.2345,-8.6182,anonymous,EN,1,,1,3,"I always used the same strategy, first I increased line by line to notice the differences and then I did it in reverse until I noticed.",2,,21,6,1,1,0,0,3,,5f9c2359530d3e067a300bd6,1266,na,na,32437,21624,apps,hidden,fraud,mnist,pollution,vas,random,blue,maxmin,outlier,1500,na,stl,4,2,hidden,random
2024-02-26 12:22:48,2024-02-26 12:29:55,0,195.136.100.66,100,426,1,2024-02-26 12:29:55,R_1OBtXA6VEaxlsqu,,,,,53.7771,20.4963,anonymous,EN,1,2,,2,I compared different points to each other in the original data set and tried to make the sample as similar as possible,3,,22,2,2,0,0,,3,,61011efb0639c55ef85d128a,na,na,na,2848,14416,apps,hidden,fraud,mnist,pollution,vas,random,blue,maxmin,outlier,1500,na,lts,4,2,hidden,random
2024-02-26 12:21:02,2024-02-26 12:30:08,0,189.238.42.62,100,546,1,2024-02-26 12:30:09,R_6gLre2IWpj9eolk,,,,,18.6534,-91.8371,anonymous,EN,1,2,,2,the dotted graphs were easier to analyze but with every sample i identified key components of the original and i checked the slider to see how much i could change it without those components disappearing ,2,,21,2,1,0,0,0,3,,5eb8db02ed810484c85ac7e2,na,na,4271,9611,9611,apps,hidden,fraud,mnist,pollution,maxmin,outlier,vas,random,blue,1000,na,lts,1,4,mnist,random
2024-02-26 12:21:12,2024-02-26 12:30:10,0,91.3.48.168,100,538,1,2024-02-26 12:30:11,R_2gT3qt11GNgyaat,,,,,51.3803,8.0845,anonymous,EN,1,,2,3,How they looked if the curve raised or went down and followed what I felt is right,1,,28,6,0,0,8,0,3,I don't know if my answers are right or wrong and I worry if that wasn't sufficient,6517231bd3ad629d144fcdb3,1266,9611,na,32437,6407,apps,hidden,fraud,mnist,pollution,outlier,vas,random,blue,maxmin,1500,na,stl,5,4,mnist,blue
2024-02-26 12:21:25,2024-02-26 12:31:26,0,82.20.145.46,100,601,1,2024-02-26 12:31:27,R_178PzalDnYE2tna,,,,,53.5866,-2.4354,anonymous,EN,1,,2,3,just stopped on the image that looked vaguely the same. Tried to stop half way first to compare and them either went up or down depending on the image.,2,,51,3,0,0,0,0,2,,60faee14aa7e0ccdf1e145aa,2848,4271,na,4271,6407,apps,hidden,fraud,mnist,pollution,blue,maxmin,outlier,vas,random,1000,1200,stl,2,3,fraud,outlier
2024-02-26 12:20:52,2024-02-26 12:31:42,0,190.161.94.183,100,650,1,2024-02-26 12:31:43,R_6YiavJsqXmX7MwL,,,,,-33.4521,-70.6536,anonymous,EN,1,2,,2,"I tried to respect the shape of the visualization as much as possible, ",1,,38,6,40,12,13,0,3,,5d40a788811e75001a0eabe4,4271,na,32437,4271,9611,apps,hidden,fraud,mnist,pollution,vas,random,blue,maxmin,outlier,500,1200,lts,4,3,fraud,blue
2024-02-26 12:21:21,2024-02-26 12:31:55,0,37.6.171.210,100,634,1,2024-02-26 12:31:56,R_6EgMSasuKaO6UYr,,,,,37.9842,23.7353,anonymous,EN,1,2,,2,I tried to understand the original graphs as much as possible and what conclusions we can get from them.Then from the simillar but smaller visualizations we should withdraw the same conclusions.At the end i tried to pick the one that has the same conclusions but has as few info as possible.,1,,21,2,1,1,0,0,3,,5fe8b43fbd6f2379b833b154,na,844,1266,9611,9611,apps,hidden,fraud,mnist,pollution,random,blue,maxmin,outlier,vas,1000,na,lts,3,5,pollution,vas
2024-02-26 12:20:45,2024-02-26 12:32:35,0,189.203.207.135,100,710,1,2024-02-26 12:32:36,R_1GPlBwkNb6URvh3,,,,,20.671,-103.3299,anonymous,EN,1,2,,3,"Yes, I used two strategies. The first was due to similarity between figures and the second was to observe the values of the axes of the graphs.",1,,28,6,2,0,0,0,3,,5b68a618a35c6f000173e3d0,6407,na,32437,32437,14416,apps,hidden,fraud,mnist,pollution,maxmin,outlier,vas,random,blue,1000,na,lts,1,2,hidden,outlier
2024-02-26 12:21:10,2024-02-26 12:33:26,0,142.3.46.225,100,735,1,2024-02-26 12:33:26,R_7dQE7SorhMlaNbq,,,,,50.429,-104.5341,anonymous,EN,1,1,,2,Slide the slider to find the balance point.,1,,38,9,40,15,7,,3,,6046a6e50b6ed70d6ab67f0e,14416,4271,14416,9611,1898,apps,hidden,fraud,mnist,pollution,blue,maxmin,outlier,vas,random,1500,1600,lts,2,3,fraud,outlier
2024-02-26 12:21:26,2024-02-26 12:34:28,0,83.223.226.110,100,781,1,2024-02-26 12:34:28,R_2MMteGqlppYgB1i,,,,,38.7373,-9.1945,anonymous,EN,1,,1,2,,2,,22,3,1,0,0,,3,,611d8af82ae7e75964167575,14416,9611,4271,6407,6407,apps,hidden,fraud,mnist,pollution,blue,maxmin,outlier,vas,random,500,1000,stl,2,4,mnist,vas
2024-02-26 12:20:49,2024-02-26 12:34:59,0,102.32.5.88,100,850,1,2024-02-26 12:35:00,R_6GCwDHTm7IgPG1l,,,,,-26.2309,28.0583,anonymous,EN,1,1,,2,"I had no strategies, I just used visualizations and shapes on the original and the sample to judge how different they are",1,,29,3,0,0,0,0,3,"No, nothinh thank you.",61176ed28c8935138ab6a64b,375,na,375,2848,2848,apps,hidden,fraud,mnist,pollution,random,blue,maxmin,outlier,vas,200,na,lts,3,1,apps,random
2024-02-26 12:21:11,2024-02-26 12:35:02,0,187.189.17.20,100,830,1,2024-02-26 12:35:03,R_1H5niCykByWYQy8,,,,,28.998,-106.229,anonymous,EN,1,2,,1,"it needed to chose an image that matched the first one but with fewer points, I try to select the one that didn´t affect the shape of the first",2,,26,6,1,1,3,0,3,no thanks,613a930ddceaa99a97d512bb,1898,250,250,375,na,apps,hidden,fraud,mnist,pollution,random,blue,maxmin,outlier,vas,750,800,lts,3,1,apps,random
2024-02-26 12:23:50,2024-02-26 12:38:53,0,91.129.109.154,100,903,1,2024-02-26 12:38:53,R_2LkGvQJnZLfQbnf,,,,,58.9998,25.9856,anonymous,EN,1,,1,2,i just looked at different points at marked the place where it started to look similar to the original,2,,24,7,0,0,0,,3,no,5ed67565e923be0aaf9e3cca,4271,na,844,2848,563,apps,hidden,fraud,mnist,pollution,random,blue,maxmin,outlier,vas,200,1600,stl,3,3,fraud,maxmin
2024-02-26 12:24:09,2024-02-26 12:39:04,0,89.114.113.153,100,895,1,2024-02-26 12:39:05,R_8KI4rioPOHO6fUB,,,,,41.1691,-8.6793,anonymous,EN,1,2,,3,I was searching for the overall similarity between the blots,2,,34,7,1,2,10,0,2,no,60217ceca41dfb1639d152a7,na,6407,32437,2848,250,apps,hidden,fraud,mnist,pollution,outlier,vas,random,blue,maxmin,500,na,lts,5,2,hidden,vas
2024-02-26 12:21:03,2024-02-26 12:39:55,0,45.220.6.64,100,1131,1,2024-02-26 12:39:56,R_50DB0PGOKwXTK1I,,,,,-25.7599,28.2604,anonymous,EN,1,,2,2,"I tried looking at both pictures and seeing when the second looked similar enough, for me to guess that the second picture, if completely drawn, would start to look similar enough for me to say that they were the same pictures.",2,,52,5,1,1,28,,3,Thank you very much for the opportunity to take part in your study.,65ad5e9fef4347e4fa7bd47d,563,6407,na,6407,na,apps,hidden,fraud,mnist,pollution,outlier,vas,random,blue,maxmin,1500,na,stl,5,4,mnist,blue
2024-02-26 12:20:34,2024-02-26 12:42:32,0,188.117.227.158,100,1317,1,2024-02-26 12:42:32,R_2hiqStRf3LdZVm1,,,,,40.6439,22.9358,anonymous,EN,1,2,,2,No I used the impression the image gave me,2,,29,6,1,0,4,,1,,5ece75528f582a08555e0a3e,na,14416,32437,6407,2848,apps,hidden,fraud,mnist,pollution,blue,maxmin,outlier,vas,random,1000,na,lts,2,2,hidden,maxmin
2024-02-26 12:21:16,2024-02-26 12:44:35,0,79.117.105.15,100,1399,1,2024-02-26 12:44:36,R_4KOvcp6nr7vqVmR,,,,,40.4172,-3.684,anonymous,EN,1,,1,2,"I didn't adopt any strategy, I just chose the first image that started to look like the one on the left.",2,,44,6,1,0,0,0,3,,5eda9e891e6ee06df48c4b57,9611,14416,21624,14416,32437,apps,hidden,fraud,mnist,pollution,blue,maxmin,outlier,vas,random,1500,na,stl,2,2,hidden,maxmin
2024-02-26 12:38:00,2024-02-26 12:48:43,0,213.134.191.7,100,643,1,2024-02-26 12:48:44,R_2EirBljt1O1c3nv,,,,,52.2296,21.0067,anonymous,EN,1,,1,2,I generally looked for some clear visual points in the original dataset and then went through the samples until I found those exact or similar looking points.,1,,30,6,0,0,0,0,3,Nothing to add.,5d3067ad3c028b001782ab68,na,na,na,32437,21624,apps,hidden,fraud,mnist,pollution,vas,random,blue,maxmin,outlier,2500,na,stl,4,2,hidden,random
2024-02-26 12:42:08,2024-02-26 12:59:39,0,188.143.78.220,100,1050,1,2024-02-26 12:59:39,R_8nT9GKEyhpLSUET,,,,,46.0911,18.2326,anonymous,EN,1,,1,3,I try to look for the patterns and no I did not.,1,,25,3,0,0,0,0,3,,5fe602f729db954217db9aef,32437,32437,844,2848,375,apps,hidden,fraud,mnist,pollution,maxmin,outlier,vas,random,blue,1000,1400,stl,1,3,fraud,vas
2024-02-27 08:00:46,2024-02-27 08:13:32,0,37.47.206.111,100,765,1,2024-02-27 08:13:32,R_2IMCUZRTxlBlPjG,,,,,54.3503,18.6582,anonymous,EN,1,,1,2,I was just making decisions based on my visual perception.,1,,19,3,1,0,3,0,3,,6511f1f1490c9df9f8c7890e,21624,6407,14416,9611,6407,apps,hidden,fraud,mnist,pollution,blue,maxmin,outlier,vas,random,500,na,stl,2,1,apps,blue
2024-02-28 18:13:58,2024-02-28 18:17:54,0,213.22.219.234,100,236,1,2024-02-28 18:17:54,R_5dLnxQjAG8d89MO,,,,,41.1384,-8.6168,anonymous,EN,1,1,,3,I stopped what I saw that the visualizer was different from the original,1,,25,7,,,,,2,,5f5bca237a4abb370a310830,844,32437,375,1266,2848,apps,hidden,fraud,mnist,pollution,maxmin,outlier,vas,random,blue,1000,200,lts,1,1,apps,maxmin
2024-02-28 18:15:54,2024-02-28 18:18:56,0,95.93.47.33,100,182,1,2024-02-28 18:18:57,R_84cUz2IupsErrsf,,,,,38.5436,-9.0473,anonymous,EN,1,2,,2,no i just tried to keep the basic structure of the samples with different densitys,1,,20,2,0,0,0,0,3,,5f6a04b14398e8038be3affd,2848,na,563,6407,4271,apps,hidden,fraud,mnist,pollution,maxmin,outlier,vas,random,blue,1000,na,lts,1,4,mnist,random
2024-02-28 18:15:25,2024-02-28 18:19:20,0,124.248.141.73,100,234,1,2024-02-28 18:19:20,R_4g0bMzV6IzHBHjj,,,,,-36.8426,174.7273,anonymous,EN,1,,2,2,"Looked for similar shape, peaks in similar places, gaps appropriately placed",2,,36,6,1,0,5,,3,No,6568dccd457d49a85cccc8b7,375,na,250,6407,9611,apps,hidden,fraud,mnist,pollution,vas,random,blue,maxmin,outlier,2500,na,stl,4,4,mnist,maxmin
2024-02-28 18:14:31,2024-02-28 18:19:56,0,188.83.126.76,100,324,1,2024-02-28 18:19:56,R_2s4iP9pcuQXyp6X,,,,,41.1452,-8.5294,anonymous,EN,1,2,,2,I tried to look at it to see if they were the same or if they were the same but zoomed in,2,,23,3,1,1,0,0,3,Not really,5f9c306fcdb29d0852eb995f,563,32437,na,32437,844,apps,hidden,fraud,mnist,pollution,outlier,vas,random,blue,maxmin,750,na,lts,5,5,pollution,maxmin
2024-02-28 18:14:46,2024-02-28 18:20:18,0,187.140.123.83,100,331,1,2024-02-28 18:20:18,R_6k07a7Hvw0mLiHS,,,,,20.9089,-100.7431,anonymous,EN,1,,1,3,I took the shape of the graphs as a reference to make my decisions.,2,,27,6,0,0,0,0,3,,61075c7294dd00d991d8e9ca,32437,na,9611,32437,na,apps,hidden,fraud,mnist,pollution,random,blue,maxmin,outlier,vas,1500,na,stl,3,4,mnist,outlier
2024-02-28 18:14:46,2024-02-28 18:20:30,0,174.89.94.180,100,343,1,2024-02-28 18:20:31,R_69cOU0V5WQhQDg5,,,,,43.6752,-79.3472,anonymous,EN,1,2,,2,,1,,21,3,2,0,0,0,2,,61576454419cd49bb2a2c85d,na,na,1898,4271,9611,apps,hidden,fraud,mnist,pollution,vas,random,blue,maxmin,outlier,1000,na,lts,4,4,mnist,maxmin
2024-02-28 18:16:53,2024-02-28 18:20:49,0,189.242.91.25,100,235,1,2024-02-28 18:20:50,R_7OV4H1uclVEJqai,,,,,19.288,-99.0051,anonymous,EN,1,2,,2,Just by comparing both sides,2,,26,3,0,0,0,0,3,,5be0d2374579d00001ad8d6d,32437,563,32437,844,375,apps,hidden,fraud,mnist,pollution,blue,maxmin,outlier,vas,random,3000,na,lts,2,3,fraud,outlier
2024-02-28 18:14:44,2024-02-28 18:21:23,0,45.72.221.63,100,398,1,2024-02-28 18:21:24,R_11kfsPDxLzMBTsB,,,,,43.6591,-79.4626,anonymous,EN,1,,2,2,"I stopped at the first one that looked most similar to me, as I was asked. I used the same plan throughout.",2,,55,6,0,0,0,0,2,Nothing at this time.,5ef87f91d8ef24028d6da70c,1266,2848,32437,1898,na,apps,hidden,fraud,mnist,pollution,outlier,vas,random,blue,maxmin,200,na,stl,5,5,pollution,maxmin
2024-02-28 18:15:34,2024-02-28 18:21:40,0,187.176.190.86,100,366,1,2024-02-28 18:21:41,R_7RP5Ox0P51HSzte,,,,,25.6589,-100.2651,anonymous,EN,1,1,,3,"I compared to the original as long as it looked at least a little similar to the original.
I tried to adopt the same strategy.",2,,22,2,20+,0,2,0,2,Nonoe,65df94a7f274135f7cfa138d,563,na,844,4271,4271,apps,hidden,fraud,mnist,pollution,random,blue,maxmin,outlier,vas,2500,na,lts,3,5,pollution,vas
2024-02-28 18:16:47,2024-02-28 18:22:48,0,161.29.238.76,100,361,1,2024-02-28 18:22:48,R_4fCdLIq2X3UYnVK,,,,,-41.2971,174.7932,anonymous,EN,1,,2,2,"When there was massive amounts of data, a smaller number of points still represented the overall distribution well enough. But when there were less data points I thought that more often than not more data points are needed to show a similar distribution.",1,,18,1,0,0,0,NCEA Level 3 NZ,3,No,65cbca7d9b3c05b32addd992,14416,250,375,375,6407,apps,hidden,fraud,mnist,pollution,outlier,vas,random,blue,maxmin,200,na,stl,5,4,mnist,blue
2024-02-28 18:18:08,2024-02-28 18:23:58,0,93.35.132.158,100,349,1,2024-02-28 18:23:59,R_81dt60f9RheYBN4,,,,,37.4925,15.0701,anonymous,EN,1,,2,2,I've tried to select the sample the could have possibly lead to the original one,1,,37,6,0,0,0,0,1,No,5d7d2163b5bd580001d11d5f,na,na,32437,1898,9611,apps,hidden,fraud,mnist,pollution,vas,random,blue,maxmin,outlier,1500,800,stl,4,5,pollution,outlier
2024-02-28 18:16:12,2024-02-28 18:23:59,0,80.182.149.30,100,466,1,2024-02-28 18:23:59,R_806Q1VnXevXc8ca,,,,,39.2302,9.121,anonymous,EN,1,,1,3,I looked and compared one image with the other and checked the differences in the overview,2,,57,2,0,0,2,0,3,,58dd9fe2e75d9c00011c24a9,4271,na,4271,na,563,apps,hidden,fraud,mnist,pollution,maxmin,outlier,vas,random,blue,3000,400,stl,1,5,pollution,blue
2024-02-28 18:20:17,2024-02-28 18:24:06,0,93.108.169.221,100,228,1,2024-02-28 18:24:06,R_1jkT7jdX0v7LaS8,,,,,41.1384,-8.6168,anonymous,EN,1,2,,2,I just tried to see if the pattern was still the same,2,,22,6,1,0,0,0,3,,614b55e22ff3944a165736bb,4271,4271,1898,9611,9611,apps,hidden,fraud,mnist,pollution,maxmin,outlier,vas,random,blue,750,na,lts,1,3,fraud,vas
2024-02-28 18:16:28,2024-02-28 18:24:38,0,121.98.229.246,100,490,1,2024-02-28 18:24:39,R_4Dqjx7tUdlJUCuv,,,,,-41.2971,174.7932,anonymous,EN,1,2,,2,I was looking at how similar the image remained more than the range of the data. Also the shape of the images was important. I was less concerned with outling data point than I was with the larger data areas,2,,55,7,0,0,0,0,2,,65df9a52546d0af5bdd3e539,na,na,14416,2848,14416,apps,hidden,fraud,mnist,pollution,vas,random,blue,maxmin,outlier,2500,800,lts,4,4,mnist,maxmin
2024-02-28 18:17:49,2024-02-28 18:24:41,0,99.232.88.177,100,411,1,2024-02-28 18:24:42,R_5dBu6sk7mOHujR1,,,,,43.8594,-79.1633,anonymous,EN,1,,1,3,"I would stop when I thought the same spread was captured even if the intensity wasnt the same. for the bar graphs, I would see if I got a simi;ar trend.",2,,25,6,2,1,0,0,2,,5f7dd740074da20008c51bf5,4271,na,na,4271,21624,apps,hidden,fraud,mnist,pollution,vas,random,blue,maxmin,outlier,750,na,stl,4,3,fraud,blue
2024-02-28 18:19:41,2024-02-28 18:24:50,0,103.19.4.28,100,308,1,2024-02-28 18:24:50,R_4Qz4SkKTAcd64e2,,,,,-36.8556,174.8441,anonymous,EN,1,,2,2,My judgement is basically based on the outline / shape.,2,,35,7,1,1,1,0,3,No,5f69224589c196105b7e1fac,6407,1898,32437,1898,na,apps,hidden,fraud,mnist,pollution,outlier,vas,random,blue,maxmin,750,1000,stl,5,5,pollution,maxmin
2024-02-28 18:19:33,2024-02-28 18:25:07,0,174.91.101.28,100,333,1,2024-02-28 18:25:07,R_3v375GiJHSfMnAY,,,,,43.8762,-78.9261,anonymous,EN,1,,2,2,"I checked to see if all datasets were covered for a bar graph.  For the scatter plots, to see if there is sufficient points to identify the overall pattern and any outliers.",2,,58,7,1,1,0,0,3,,652d53f6513515ea523cee09,na,9611,na,9611,2848,apps,hidden,fraud,mnist,pollution,blue,maxmin,outlier,vas,random,1500,na,stl,2,1,apps,blue
2024-02-28 18:17:46,2024-02-28 18:25:07,0,187.190.153.10,100,440,1,2024-02-28 18:25:08,R_3OvAXIs6eFDMkAF,,,,,19.4038,-99.0892,anonymous,EN,1,,1,3,"similar heights, distribution and visual simmilarity",3,,33,6,2,0,0,0,2,,5f627ac87d0e5f2efb944c9e,32437,na,32437,32437,9611,apps,hidden,fraud,mnist,pollution,maxmin,outlier,vas,random,blue,500,1600,stl,1,5,pollution,blue
2024-02-28 18:20:08,2024-02-28 18:25:25,0,77.54.172.44,100,316,1,2024-02-28 18:25:25,R_1PhCd5F0m6iU4Kl,,,,,38.7373,-9.1945,anonymous,EN,1,,1,3,"more dots mean similar to original
",1,,23,3,0,0,2,,2,no,64e0d3d9ff6818d9748c031e,6407,32437,32437,32437,32437,apps,hidden,fraud,mnist,pollution,blue,maxmin,outlier,vas,random,3000,1400,stl,2,3,fraud,outlier
2024-02-28 18:22:24,2024-02-28 18:25:27,0,115.69.36.7,100,183,1,2024-02-28 18:25:28,R_4eVyIx4abTQGhTs,,,,,-33.8715,151.2006,anonymous,EN,1,2,,3,"Sliding the scale until the key features disappeared, then putting it back one. And no not really I used the same strategy",1,,26,6,2,0,4,,2,,64b72c970a6c7e3539ad6d32,1898,na,563,6407,21624,apps,hidden,fraud,mnist,pollution,random,blue,maxmin,outlier,vas,200,na,lts,3,4,mnist,outlier
2024-02-28 18:18:51,2024-02-28 18:25:38,0,152.37.93.215,100,407,1,2024-02-28 18:25:39,R_7GHvV3qt7Kmz7t3,,,,,51.5064,-0.02,anonymous,EN,1,2,,2,look for similar pattern i.e. that would look same from far ,1,,29,7,4,5,5,,3,,5fc1add44eaae629c6d53026,21624,na,844,6407,9611,apps,hidden,fraud,mnist,pollution,random,blue,maxmin,outlier,vas,1000,na,lts,3,3,fraud,maxmin
2024-02-28 18:19:32,2024-02-28 18:25:45,0,189.159.91.51,100,373,1,2024-02-28 18:25:46,R_5hikAv9fDGYBPWh,,,,,25.7197,-100.3183,anonymous,EN,1,,1,2,"If the next image on the slider was less similar to the original, then I stopped at the last one that was similar enough.",2,,20,3,1,0,0,0,2,,610780370efcda0962649fb8,na,na,375,2848,14416,apps,hidden,fraud,mnist,pollution,maxmin,outlier,vas,random,blue,750,na,stl,1,4,mnist,random
2024-02-28 18:20:29,2024-02-28 18:25:52,0,79.168.192.123,100,323,1,2024-02-28 18:25:53,R_89S8qRBzb8JT7cB,,,,,38.7905,-9.1859,anonymous,EN,1,,1,2,I stoped when the general form was similar,2,,23,6,3,1,0,0,3,no,60c939c438c389b49847c08b,14416,na,250,1266,844,apps,hidden,fraud,mnist,pollution,random,blue,maxmin,outlier,vas,750,1000,stl,3,5,pollution,vas
2024-02-28 18:20:11,2024-02-28 18:26:01,0,187.190.178.34,100,349,1,2024-02-28 18:26:01,R_6dJY91sFHWcCD7E,,,,,25.7808,-100.3781,anonymous,EN,1,2,,3,"Yes, I visualized the longest patterns and made a comparative between the two samples, the one who matches the most with the original pattern was the correct",2,,22,5,0,1,0,,1,no,613abb4fa65bf10f2a05a9c2,9611,32437,32437,563,4271,apps,hidden,fraud,mnist,pollution,blue,maxmin,outlier,vas,random,2500,na,lts,2,3,fraud,outlier
2024-02-28 18:17:04,2024-02-28 18:26:14,0,187.190.24.96,100,550,1,2024-02-28 18:26:15,R_57NgWwIuysEf6n9,,,,,19.4001,-99.0692,anonymous,EN,1,2,,3,I tried to stop when the shape still looks like the original,2,,23,2,0,0,0,,2,,6140e8ed6333ebdaacaebd44,32437,21624,250,4271,21624,apps,hidden,fraud,mnist,pollution,outlier,vas,random,blue,maxmin,3000,na,lts,5,2,hidden,vas
2024-02-28 18:18:53,2024-02-28 18:26:25,0,201.188.137.79,100,451,1,2024-02-28 18:26:25,R_1YtnE6Trar6K0gh,,,,,-33.4521,-70.6536,anonymous,EN,1,2,,2,"I sought patterns or chose to focus on the high density points to determine key features. In cases where the data set was too small to compare, I checked that the overall silhouette of the graph did not match.",1,,26,6,0,0,0,2,2,"Everything was clear, no comments.",645990d7f2a2eed62ff6e168,1266,na,4271,2848,9611,apps,hidden,fraud,mnist,pollution,vas,random,blue,maxmin,outlier,1000,na,lts,4,3,fraud,blue
2024-02-28 18:21:23,2024-02-28 18:26:39,0,204.237.3.28,100,315,1,2024-02-28 18:26:39,R_5S9q53ZlheZ4hyo,,,,,43.3595,-80.3295,anonymous,EN,1,1,,2,I just tried to see if there were data points in all the same areas as the original,1,,24,3,0,0,0,0,2,Thanks for the opportunity,6546b4fb62ff049c65d27338,4271,na,250,844,844,apps,hidden,fraud,mnist,pollution,maxmin,outlier,vas,random,blue,200,na,lts,1,4,mnist,random
2024-02-28 18:23:09,2024-02-28 18:27:02,0,78.137.205.227,100,233,1,2024-02-28 18:27:03,R_5mn6GrUsFHVQiPf,,,,,41.5371,-8.787,anonymous,EN,1,,1,3,"I stopped the slider when it seamed like the sample was close enough to the original, without adding too much information.",2,,25,6,0,0,0,,3,No,5cb71fcd98a1f100011c56fb,2848,na,na,32437,21624,apps,hidden,fraud,mnist,pollution,vas,random,blue,maxmin,outlier,2500,na,stl,4,3,fraud,blue
2024-02-28 18:22:06,2024-02-28 18:27:18,0,82.154.60.94,100,311,1,2024-02-28 18:27:18,R_636Pb6valHakAtb,,,,,38.752,-9.2279,anonymous,EN,1,2,,2,"Yes, depending on the samples we were provided and how similar to a correct visual interpretation they were to the original image",1,,28,5,0,0,0,,3,,5c6d60a581e1d50001627386,na,na,32437,1266,na,apps,hidden,fraud,mnist,pollution,vas,random,blue,maxmin,outlier,1000,na,lts,4,1,apps,vas
2024-02-28 18:21:44,2024-02-28 18:27:25,0,84.91.113.237,100,341,1,2024-02-28 18:27:26,R_8XbParAhomRvlRT,,,,,40.6642,-7.9072,anonymous,EN,1,,2,3,,2,,27,3,0,3,0,0,2,,65b68f8b34c35fcfdc0ae246,6407,na,32437,32437,14416,apps,hidden,fraud,mnist,pollution,maxmin,outlier,vas,random,blue,200,na,stl,1,3,fraud,vas
2024-02-28 18:17:56,2024-02-28 18:27:31,0,94.63.254.107,100,574,1,2024-02-28 18:27:31,R_2zlyddOvxTp8jkJ,,,,,38.702,-9.3997,anonymous,EN,1,,1,3,I didn't use different types of strategies for different images. I always started by moving the cursor at all levels and slowly returning to what I thought best matched.,2,,37,6,0,0,0,0,3,Nothing to point.,55ba8f47fdf99b404ce2490d,32437,na,6407,32437,na,apps,hidden,fraud,mnist,pollution,random,blue,maxmin,outlier,vas,2000,na,stl,3,1,apps,random
2024-02-28 18:21:58,2024-02-28 18:27:31,0,187.189.87.146,100,332,1,2024-02-28 18:27:31,R_1Qc6WMc9AucAbMk,,,,,19.4586,-99.0602,anonymous,EN,1,,2,2,"i think with pattern recognition and shape similarities

























































































",1,,35,8,1,1,0,0,3,this was very interesting. thank you,614dc6a01b4262b98ffa6d22,32437,na,4271,32437,4271,apps,hidden,fraud,mnist,pollution,random,blue,maxmin,outlier,vas,1500,na,stl,3,4,mnist,outlier
2024-02-28 18:17:15,2024-02-28 18:27:35,0,79.185.96.67,100,619,1,2024-02-28 18:27:35,R_5KHkdJ16q1GXfwZ,,,,,52.2296,21.0067,anonymous,EN,1,,2,2,I paid attention to characteristic elements.,2,,23,2,1,0,0,0,3,"No, everything went fine.",6107d788163252e3b5c348e3,844,4271,2848,14416,375,apps,hidden,fraud,mnist,pollution,blue,maxmin,outlier,vas,random,2000,1200,stl,2,5,pollution,random
2024-02-28 18:22:27,2024-02-28 18:27:55,0,115.189.97.143,100,327,1,2024-02-28 18:27:55,R_4OT3NZwHFr5FaYf,,,,,-43.5551,172.6178,anonymous,EN,1,2,,2,"No strategy, I just moved it until I thought it looked as you wanted it to as per the insturction",2,,33,2,0,0,0,0,2,,6087b352bc927336035cb9e0,32437,9611,844,2848,1266,apps,hidden,fraud,mnist,pollution,random,blue,maxmin,outlier,vas,200,400,lts,3,3,fraud,maxmin
2024-02-28 18:19:55,2024-02-28 18:28:03,0,41.116.67.176,100,488,1,2024-02-28 18:28:04,R_11ZzivWM4Q7LVIq,,,,,-26.2309,28.0583,anonymous,EN,1,2,,1,yes but i was using a bit of the same strategy to determine,2,,55,1,0,0,0,0,2,,617672cfc7523038c4c64996,32437,9611,1266,9611,14416,apps,hidden,fraud,mnist,pollution,outlier,vas,random,blue,maxmin,3000,1400,lts,5,3,fraud,random
2024-02-28 18:15:58,2024-02-28 18:28:04,0,161.29.187.3,100,725,1,2024-02-28 18:28:05,R_40l4hpdkUr3EXeS,,,,,-36.8631,174.7545,anonymous,EN,1,,2,2,looking at each visualization i tried to see a prominent pattern that looked similar to the original   ,2,,20,2,0,0,0,NCEA Levels 1 2 3 achieved,3,,60de2b7cac70f04985882d39,32437,na,1898,4271,na,apps,hidden,fraud,mnist,pollution,random,blue,maxmin,outlier,vas,1000,800,stl,3,1,apps,random
2024-02-28 18:23:49,2024-02-28 18:28:05,0,35.149.226.114,100,255,1,2024-02-28 18:28:05,R_5foE9StVwTGL4wr,,,,,42.6689,-71.5965,anonymous,EN,1,2,,3,i just moved the scale back and fourth to get an idea of all of the different patterns,2,,25,3,,,,1,3,its a little confusing,5e89550b220e2f5f277597f0,563,32437,32437,32437,32437,apps,hidden,fraud,mnist,pollution,outlier,vas,random,blue,maxmin,3000,na,lts,5,2,hidden,vas
2024-02-28 18:22:31,2024-02-28 18:28:07,0,79.117.66.15,100,336,1,2024-02-28 18:28:08,R_8BrgN4Wdq1YM0k5,,,,,40.4172,-3.684,anonymous,EN,1,2,,2,"Whenever I didn't see similarities, that's when I stopped",2,,30,2,0,0,0,0,3,,5f3b3d16d2664625fcfa73aa,na,na,1898,6407,6407,apps,hidden,fraud,mnist,pollution,maxmin,outlier,vas,random,blue,200,na,lts,1,3,fraud,vas
2024-02-28 18:21:36,2024-02-28 18:28:09,0,187.191.8.222,100,392,1,2024-02-28 18:28:09,R_1bIa6jPsVpA7N1T,,,,,20.6336,-103.4555,anonymous,EN,1,,2,3,It was visual similarities that made me take the decision,2,,37,6,0,0,0,,2,,616f22b8e54926da850c38c9,21624,32437,32437,32437,32437,apps,hidden,fraud,mnist,pollution,outlier,vas,random,blue,maxmin,3000,1600,stl,5,5,pollution,maxmin
2024-02-28 18:23:44,2024-02-28 18:28:27,0,89.77.49.136,100,282,1,2024-02-28 18:28:28,R_8F3rC3REWnVEoaV,,,,,52.23,21.0087,anonymous,EN,1,,1,2,"Hm, I was just comparing the pictures with my eyes :)",2,,28,8,,6,4,,1,,5b377b7006f9f90001fb6145,4271,na,32437,32437,32437,apps,hidden,fraud,mnist,pollution,maxmin,outlier,vas,random,blue,2000,1600,stl,1,1,apps,maxmin
2024-02-28 18:23:54,2024-02-28 18:28:27,0,187.139.171.105,100,273,1,2024-02-28 18:28:28,R_3fBAfumKdIVehMo,,,,,20.5225,-103.1951,anonymous,EN,1,2,,3,I just imagined the original but with a minimum of points and then tried to get the same. I used the same strategies for all visualizations.,1,,48,6,0,0,0,0,3,,5c60e5371115b4000140fb07,2848,na,14416,4271,9611,apps,hidden,fraud,mnist,pollution,vas,random,blue,maxmin,outlier,1500,na,lts,4,3,fraud,blue
2024-02-28 18:24:41,2024-02-28 18:28:28,0,213.22.88.253,100,226,1,2024-02-28 18:28:28,R_2znAKRRU5302meD,,,,,41.5515,-8.4204,anonymous,EN,1,,2,3,,2,,23,3,1,,1,,3,,5c84539a9b87bc00161c5052,na,na,na,32437,32437,apps,hidden,fraud,mnist,pollution,vas,random,blue,maxmin,outlier,2500,na,stl,4,2,hidden,random
2024-02-28 18:21:27,2024-02-28 18:28:39,0,161.29.131.142,100,432,1,2024-02-28 18:28:39,R_4pPwXKoNswQrKq1,,,,,-36.8017,174.7533,anonymous,EN,1,,1,2,"I tried to keep the slider as far left as possible, while still showing as similar dataset results as the original",1,,50,3,0,0,25,0,2,,5c67a81eeffdaa0001d7865d,na,na,na,2848,21624,apps,hidden,fraud,mnist,pollution,vas,random,blue,maxmin,outlier,200,1600,stl,4,5,pollution,outlier
2024-02-28 18:24:33,2024-02-28 18:28:41,0,159.196.169.234,100,247,1,2024-02-28 18:28:41,R_4H8l6jvH69mARTX,,,,,-33.8182,151.1602,anonymous,EN,1,,2,2,"I wanted to see the pattern look the same, so that people can clearly see a curve/visual that matches.
I think that you need to show important discrepancies clearly, so made sure that they were all present.",1,,36,6,1,1,8,,2,"I tried not to overthink it, as it was important to get the first impression of what was 'similar enough' so I didn't go to 'most similar'",655c532e4f530dc3065e6f5c,6407,na,563,2848,4271,apps,hidden,fraud,mnist,pollution,maxmin,outlier,vas,random,blue,3000,na,stl,1,1,apps,maxmin
2024-02-28 18:17:58,2024-02-28 18:28:43,0,94.254.153.172,100,644,1,2024-02-28 18:28:43,R_2qa9sMXoD1yEIc6,,,,,50.0585,19.9342,anonymous,EN,1,2,,2,I didn't adopt any strategies with different visualizations.,1,,23,2,0,0,0,0,3,,5d7d0cc0e32539001a174642,na,6407,14416,6407,32437,apps,hidden,fraud,mnist,pollution,blue,maxmin,outlier,vas,random,1500,na,lts,2,5,pollution,random
2024-02-28 18:19:21,2024-02-28 18:28:56,0,187.201.101.222,100,574,1,2024-02-28 18:28:57,R_6Y9IgBAvSNWHAw9,,,,,20.6381,-103.348,anonymous,EN,1,2,,2,I simply observed the images carefully,2,,27,6,0,0,3,,3,,5f2f1a662d7fa52ee59ec87d,na,na,21624,na,32437,apps,hidden,fraud,mnist,pollution,maxmin,outlier,vas,random,blue,2500,na,lts,1,2,hidden,outlier
2024-02-28 18:22:46,2024-02-28 18:28:58,0,190.47.52.182,100,372,1,2024-02-28 18:28:58,R_6SwSVjzEyAI82Wv,,,,,-33.0228,-71.5519,anonymous,EN,1,,1,2,it was something natural in me,1,,29,7,0,0,0,0,3,no,5f494e2755e3b9495a8919e9,21624,32437,32437,32437,na,apps,hidden,fraud,mnist,pollution,outlier,vas,random,blue,maxmin,500,na,stl,5,1,apps,outlier
2024-02-28 18:24:42,2024-02-28 18:29:01,0,187.193.135.69,100,258,1,2024-02-28 18:29:02,R_6NSeWKtfWmsWYmd,,,,,19.4136,-99.0856,anonymous,EN,1,2,,3,"Yes, it depended on the original sample.",2,,28,6,1,1,6,,3,,613a563bf2e38ea679f50546,32437,na,21624,32437,9611,apps,hidden,fraud,mnist,pollution,random,blue,maxmin,outlier,vas,1500,na,lts,3,4,mnist,outlier
2024-02-28 18:20:42,2024-02-28 18:29:07,0,148.210.249.18,100,504,1,2024-02-28 18:29:07,R_1tu0s5tGHZ1NFI9,,,,,31.6405,-106.4187,anonymous,EN,1,,1,3,I analized the samples and look every single one of them to determine which of them was the most similar to the original.,2,,21,3,"statistics 1, statistics 2, econometry class",0,2,0,2,,615c66ecef9471de88c64075,21624,32437,32437,32437,14416,apps,hidden,fraud,mnist,pollution,outlier,vas,random,blue,maxmin,1500,na,stl,5,4,mnist,blue
2024-02-28 18:24:27,2024-02-28 18:29:07,0,156.62.117.25,100,279,1,2024-02-28 18:29:08,R_4K3a85cQJtHGUfN,,,,,-36.8506,174.7679,anonymous,EN,1,,1,2,"I stopped once the two graphs looked a little bit similar, but not too much similar.",2,,19,2,24,0,0,0,2,No :),60c6ad6dfe98acb8c92628e2,844,na,na,6407,na,apps,hidden,fraud,mnist,pollution,vas,random,blue,maxmin,outlier,1000,na,stl,4,5,pollution,outlier
2024-02-28 18:22:56,2024-02-28 18:29:09,0,24.202.66.79,100,373,1,2024-02-28 18:29:10,R_6ewA9Mmv2vBtHNc,,,,,45.4803,-73.5558,anonymous,EN,1,2,,2,I tried to keep as similar a clear shape/trend as possible while minimizing the amount of samples needed,1,,24,3,1,0,0,0,3,,655e48dc166ca49bf9272406,6407,na,250,4271,32437,apps,hidden,fraud,mnist,pollution,maxmin,outlier,vas,random,blue,750,na,lts,1,1,apps,maxmin
2024-02-28 18:21:44,2024-02-28 18:29:11,0,105.245.40.25,100,446,1,2024-02-28 18:29:11,R_6ARTt8RYgCwO7rz,,,,,-26.2309,28.0583,anonymous,EN,1,2,,3,I looked at the pattern of the original and the sample to determine the closeness.,2,,23,6,2,0,1,,3,No.,60b86ca5f6cdbe9f29e1dafd,na,32437,na,na,na,apps,hidden,fraud,mnist,pollution,blue,maxmin,outlier,vas,random,3000,na,lts,2,1,apps,blue
2024-02-28 18:23:12,2024-02-28 18:29:12,0,196.216.116.56,100,360,1,2024-02-28 18:29:12,R_6DnFh3l7lacIvek,,,,,-26.8986,27.449,anonymous,EN,1,2,,3,"I did not adopt any different strategies, I just moved the slider until the image looked most similar to the original one.",2,,31,10,0,0,12,0,3,None.,5ea1660f4d0db50008ff86ed,na,9611,32437,14416,32437,apps,hidden,fraud,mnist,pollution,outlier,vas,random,blue,maxmin,750,na,lts,5,2,hidden,vas
2024-02-28 18:20:37,2024-02-28 18:29:19,0,146.231.118.115,100,522,1,2024-02-28 18:29:20,R_2LYfIiNDoyN0jni,,,,,-33.3013,26.5325,anonymous,EN,1,2,,3,"i used that strategy of wheter i could still see the different shapes of the visualizations and if not, it meant i had gone too far.

no i did not.",1,,21,6,1,0,0,0,2,none,6169eac611e586f87632d495,375,na,na,2848,32437,apps,hidden,fraud,mnist,pollution,vas,random,blue,maxmin,outlier,750,na,lts,4,4,mnist,maxmin
2024-02-28 18:21:50,2024-02-28 18:29:25,0,194.230.148.76,100,454,1,2024-02-28 18:29:25,R_3omenSzF4p7X1qV,,,,,47.3857,8.5348,anonymous,EN,1,,1,3,"yeah, depending on example i would use certain dead giveaways that one sample couldnt be it. it was more of an elimination process alot of the time. with the dots i kinda focused on is the image being seen enough to the point where it could be constructed or upscaled.",1,,20,3,,,,0,3,was definitely interesting. almost seemed like an iq test.,65a2b1367b1014bbeb3be687,9611,32437,14416,9611,32437,apps,hidden,fraud,mnist,pollution,blue,maxmin,outlier,vas,random,200,1400,stl,2,2,hidden,maxmin
2024-02-28 18:22:11,2024-02-28 18:29:27,0,50.67.13.99,100,436,1,2024-02-28 18:29:28,R_1qNHfYPoWjczg4u,,,,,49.2292,-122.9932,anonymous,EN,1,,1,3,"I stopped based on the outline of the original visualization. if none of them were similar, I chose the button.",1,,30,3,0,0,18,,3,"I found the distinction between ""similar enough"" and ""most similar"" to be confusing in the introduction",653ba7c7c848949fff600b5d,na,na,32437,32437,na,apps,hidden,fraud,mnist,pollution,maxmin,outlier,vas,random,blue,2000,na,stl,1,2,hidden,outlier
2024-02-28 18:24:13,2024-02-28 18:29:33,0,152.174.219.248,100,319,1,2024-02-28 18:29:33,R_7mmjEnWlUeoHHAl,,,,,-27.3722,-70.3386,anonymous,EN,1,,2,2,"I stopped at the one that seemed the most alike, then compared. If there were several that were similar, I chose the one that had the least dots.",1,,27,5,1,0,0,0,2,No.,612742541c10c193688cea34,na,na,2848,9611,844,apps,hidden,fraud,mnist,pollution,random,blue,maxmin,outlier,vas,1000,na,stl,3,3,fraud,maxmin
2024-02-28 18:19:22,2024-02-28 18:30:02,0,189.217.84.197,100,640,1,2024-02-28 18:30:02,R_37NNzKEVonOwCWt,,,,,19.4354,-99.1427,anonymous,EN,1,,1,2,"I tried to follow the patter that was closest to the original even if it was not an exact match, but it would give the most similar one. I moved the slider left and right trying to find the best match.",1,,34,6,0,0,0,0,3,,5c36b54ed4627100010c4786,14416,na,32437,32437,21624,apps,hidden,fraud,mnist,pollution,vas,random,blue,maxmin,outlier,2500,na,stl,4,4,mnist,maxmin
2024-02-28 18:22:10,2024-02-28 18:30:08,0,189.219.221.66,100,477,1,2024-02-28 18:30:08,R_5YQdDDXvlCFT5bd,,,,,25.7437,-100.408,anonymous,EN,1,,1,3,"Traté lo mejor posible de que la muestra adecuara cada punto o cada línea con la figura original, en el caso de que no estuviera ni tan cerca del original, presioné el botón de no similaridades.",2,,21,3,1,0,0,,2,ninguno,611b0f8d86ff0419ff69c838,6407,na,na,32437,32437,apps,hidden,fraud,mnist,pollution,vas,random,blue,maxmin,outlier,1500,na,stl,4,2,hidden,random
2024-02-28 18:20:31,2024-02-28 18:30:15,0,161.29.253.38,100,583,1,2024-02-28 18:30:16,R_4Dqz7IfNzRlFzyi,,,,,-36.8506,174.7679,anonymous,EN,1,2,,3,I stopped before key elements disapeared,1,,62,2,0,0,0,0,2,,65cea8c4a19e28567746f4da,32437,4271,21624,2848,14416,apps,hidden,fraud,mnist,pollution,outlier,vas,random,blue,maxmin,1500,800,lts,5,3,fraud,random
2024-02-28 18:25:04,2024-02-28 18:30:17,0,108.180.32.185,100,312,1,2024-02-28 18:30:17,R_5PLIHKqkr1Drmvt,,,,,49.324,-123.0827,anonymous,EN,1,2,,3,"I used a similar strategy with all, which was trying to see if one would be likely to get the same information from the ""lesser"" version of the graph.",2,,32,6,1,0,0,0,2,,64f66c9ee363277ddc6f05e9,4271,na,250,844,375,apps,hidden,fraud,mnist,pollution,maxmin,outlier,vas,random,blue,3000,na,lts,1,4,mnist,random
2024-02-28 18:24:06,2024-02-28 18:30:23,0,148.71.6.34,100,376,1,2024-02-28 18:30:23,R_2lzfQNm3LfWQEqR,,,,,38.7677,-9.3006,anonymous,EN,1,,1,3,"i tried to match the trend of the data with the sample on the right even thought in some cases it wasnt possible therefore i had to choose the option of the sample not being close enough to represent the trend
",1,,23,3,3,2,0,0,3,at the beggining i didnt understand the goal very clearly but after the first example i was able to figure what i was suposed to do,5fabf06f8ac4180b6b16790e,na,na,32437,32437,32437,apps,hidden,fraud,mnist,pollution,maxmin,outlier,vas,random,blue,3000,na,stl,1,4,mnist,random
2024-02-28 18:22:31,2024-02-28 18:30:44,0,41.13.140.106,100,492,1,2024-02-28 18:30:44,R_5rHplTYbysaoRfD,,,,,-29.8556,31.0449,anonymous,EN,1,1,,2,I stopped whenever the sample did not resemble the original and I used the same technique throughout the experiment,2,,27,6,,,,,3,,612e9f475bdeddef8ce8071e,na,21624,na,32437,14416,apps,hidden,fraud,mnist,pollution,blue,maxmin,outlier,vas,random,750,1000,lts,2,5,pollution,random
2024-02-28 18:22:43,2024-02-28 18:30:45,0,85.254.74.174,100,482,1,2024-02-28 18:30:46,R_39Uti2x6x4JgQj7,,,,,56.9496,24.0978,anonymous,EN,1,2,,2,"No, I looked for the key similarities and where the most data points were observed, depending on that I could decide till when the sample data looked similar enough to the original.",2,,21,3,0,0,0,0,3,,6105c826905d93532f4c8cd3,na,na,4271,1266,32437,apps,hidden,fraud,mnist,pollution,outlier,vas,random,blue,maxmin,500,600,lts,5,2,hidden,vas
2024-02-28 18:27:23,2024-02-28 18:30:47,0,175.39.162.182,100,204,1,2024-02-28 18:30:48,R_4p9M86ucacnJiKL,,,,,-37.8812,145.1656,anonymous,EN,1,,1,2,as long as the trend is similar to the original,2,,39,9,1,0,10,,3,no,5e243c063d2e1b6bcce4c82f,na,6407,21624,9611,1266,apps,hidden,fraud,mnist,pollution,blue,maxmin,outlier,vas,random,500,1400,stl,2,2,hidden,maxmin
2024-02-28 18:23:50,2024-02-28 18:30:49,0,181.163.77.165,100,419,1,2024-02-28 18:30:50,R_7lxAilV64xFIpkt,,,,,-34.982,-71.232,anonymous,EN,1,,1,3,Just trying to find the most similar sample like the examples suggested.,1,,29,6,0,0,0,0,2,No,5d474ed70f79810001c36084,na,na,1266,6407,14416,apps,hidden,fraud,mnist,pollution,vas,random,blue,maxmin,outlier,2500,na,stl,4,1,apps,vas
2024-02-28 18:23:16,2024-02-28 18:30:50,0,78.10.207.0,100,454,1,2024-02-28 18:30:51,R_2w0uwwklYflZQPm,,,,,52.2296,21.0067,anonymous,EN,1,,2,2,I tried the strategy of minimalism of points in picture and I tried to find all characterictics to the picture be the same as the original.,2,,22,6,2,0,2,,2,The survey is interesting ;),605b52d6903ac0311ac2f941,844,32437,32437,14416,563,apps,hidden,fraud,mnist,pollution,outlier,vas,random,blue,maxmin,1500,na,stl,5,3,fraud,random
2024-02-28 18:24:36,2024-02-28 18:31:06,0,188.251.139.114,100,390,1,2024-02-28 18:31:07,R_2dRKRi2TVfygC5a,,,,,41.5329,-8.6102,anonymous,EN,1,,2,3,based on the patterns of the images,1,,39,6,0,0,0,0,3,no,602ae9e3338e8e1df07284b4,9611,9611,na,14416,844,apps,hidden,fraud,mnist,pollution,blue,maxmin,outlier,vas,random,2500,na,stl,2,1,apps,blue
2024-02-28 18:25:27,2024-02-28 18:31:21,0,89.64.58.141,100,353,1,2024-02-28 18:31:21,R_5EEI3jjtIHYvHrp,,,,,50.0585,19.9342,anonymous,EN,1,1,,3,I tried to achieve a very similar pattern so that someone could see the pattern from the original sample.,1,,28,2,0,0,0,0,3,,5de52f36a91be34a4ea35c71,na,2848,2848,9611,6407,apps,hidden,fraud,mnist,pollution,blue,maxmin,outlier,vas,random,1500,na,lts,2,2,hidden,maxmin
2024-02-28 18:21:45,2024-02-28 18:31:21,0,94.63.229.179,100,576,1,2024-02-28 18:31:22,R_2AKVEmccSfbAptW,,,,,38.7373,-9.1945,anonymous,EN,1,2,,3,I had the same strategy for each visualization,2,,19,3,0,0,0,,3,no,6102036fb0b75f1b720e6861,na,na,32437,32437,32437,apps,hidden,fraud,mnist,pollution,vas,random,blue,maxmin,outlier,200,na,lts,4,2,hidden,random
2024-02-28 18:27:01,2024-02-28 18:31:21,0,84.2.246.205,100,260,1,2024-02-28 18:31:22,R_6NJ1b0XTHC8RLIo,,,,,48.0978,20.7884,anonymous,EN,1,,1,2,,1,,24,6,2,2,4,0,2,-,59bda1adab8d830001fe5e4b,32437,na,32437,32437,844,apps,hidden,fraud,mnist,pollution,random,blue,maxmin,outlier,vas,2000,na,stl,3,2,hidden,blue
2024-02-28 18:19:20,2024-02-28 18:31:25,0,94.61.105.41,100,724,1,2024-02-28 18:31:25,R_3cxdv9qndiO6uQ1,,,,,41.1765,-8.6877,anonymous,EN,1,2,,2,"The strategy was the same. I slid the slide until the sample had no visual correlation with the original image. So if I show the image of the sample, the interpretation of the graph will be the same, and when I thought this was no longer the case, I stopped.",1,,27,7,1,2,2,,3,,6052b0d0dc7dc26036979852,32437,na,1898,14416,1266,apps,hidden,fraud,mnist,pollution,random,blue,maxmin,outlier,vas,500,na,lts,3,4,mnist,outlier
2024-02-28 18:24:27,2024-02-28 18:31:26,0,70.77.202.94,100,418,1,2024-02-28 18:31:26,R_1S4JWxl6sW8KKFb,,,,,51.1467,-114.3133,anonymous,EN,1,,2,2,"I looked for what I considered key characteristics, for example a distinct clump of data, or a spike in the graph, and looked for the nearest sample where I thought those key characteristics were distinct enough.",2,,27,2,0,0,0,0,2,,5d0c1fd958b4040001b67b83,na,2848,21624,14416,6407,apps,hidden,fraud,mnist,pollution,blue,maxmin,outlier,vas,random,1000,na,stl,2,3,fraud,outlier
2024-02-28 18:26:43,2024-02-28 18:31:30,0,178.18.169.42,100,286,1,2024-02-28 18:31:30,R_4asrgQ4YHQhiruP,,,,,47.7314,16.4044,anonymous,EN,1,1,,2,I just compared both figures and it was mostly based on my first-reaction to it.,1,,19,2,0,0,0,0,2,,658050a64cb63eb1b2980a47,6407,4271,6407,6407,32437,apps,hidden,fraud,mnist,pollution,outlier,vas,random,blue,maxmin,200,na,lts,5,1,apps,outlier
2024-02-28 18:25:17,2024-02-28 18:31:41,0,79.169.86.54,100,384,1,2024-02-28 18:31:42,R_20i4AsEbxvTAkxB,,,,,38.6839,-9.3102,anonymous,EN,1,2,,3,I simply used the slide by keep an eye on the original visualization to see if the sample would get similar. I didn't adopt different strategies when interacting with different visualizations.,2,,31,6,1,0,2,0,2,,60a2c7d2f13744a90856149c,32437,na,4271,32437,na,apps,hidden,fraud,mnist,pollution,random,blue,maxmin,outlier,vas,200,200,lts,3,5,pollution,vas
2024-02-28 18:21:00,2024-02-28 18:31:42,0,85.243.235.238,100,641,1,2024-02-28 18:31:42,R_24FZxhtbSr738Gc,,,,,38.7905,-9.1859,anonymous,EN,1,,1,3,I didn't adopt different strategies. I just determined the stopping point of the samples when it seemed to be reaching the same key patterns of the original visualization.,1,,28,3,2,0,,2,2,No,60d1ddaca95145c1433a9c87,na,32437,4271,32437,14416,apps,hidden,fraud,mnist,pollution,maxmin,outlier,vas,random,blue,3000,na,stl,1,4,mnist,random
2024-02-28 18:21:39,2024-02-28 18:31:51,0,84.115.233.175,100,612,1,2024-02-28 18:31:52,R_8ghUofIKt2fAF6C,,,,,48.1535,16.3855,anonymous,EN,1,,2,2,"First, I observed the detailed pattern in the original visualization, then step by step moved the slider to and fro to see when a similar distribution is formed. However, in some samples, the small sample could not give enough information to form a decision about the distribution similarity.",1,,30,9,2,1,10,,3,Interesting study on visual analytics giving the user enough room to ponder and match the visualizations.,65c9ee501445351500a2398f,4271,9611,na,563,1898,apps,hidden,fraud,mnist,pollution,vas,random,blue,maxmin,outlier,3000,na,stl,4,3,fraud,blue
2024-02-28 18:21:37,2024-02-28 18:32:03,0,189.177.174.20,100,625,1,2024-02-28 18:32:03,R_1dLCmrqPNlruYKq,,,,,21.6212,-104.843,anonymous,EN,1,,1,2,My main strategy was to represent the original data as best as possible with the least amount of data but without losing any upward or downward trend.,1,,30,6,0,0,5,0,3,All good.,650f4afc1fc2961fbbad3565,na,na,1266,9611,844,apps,hidden,fraud,mnist,pollution,random,blue,maxmin,outlier,vas,2500,na,stl,3,2,hidden,blue
2024-02-28 18:27:37,2024-02-28 18:32:07,0,106.71.250.46,100,269,1,2024-02-28 18:32:07,R_4eR9YqTLZyRpH9Q,,,,,-37.8159,144.9669,anonymous,EN,1,,2,2,I didn't really have a strategy other than looking at the most similar distribution. ,2,,27,6,4,0,0,0,3,,60458c94a804836e07b1bb21,6407,na,375,1898,6407,apps,hidden,fraud,mnist,pollution,maxmin,outlier,vas,random,blue,1500,na,stl,1,3,fraud,vas
2024-02-28 18:27:36,2024-02-28 18:32:15,0,219.89.118.6,100,278,1,2024-02-28 18:32:15,R_4ii8WUNgyBn8HUR,,,,,-45.2564,169.3829,anonymous,EN,1,1,,3,Focused on overall data distribution similarity rather than individual sections,2,,34,6,0,0,0,,2,,652d8acb9b02b06839079e82,21624,na,1266,6407,844,apps,hidden,fraud,mnist,pollution,random,blue,maxmin,outlier,vas,1000,na,lts,3,2,hidden,blue
2024-02-28 18:25:47,2024-02-28 18:32:22,0,85.139.24.228,100,395,1,2024-02-28 18:32:23,R_2DFHiNi8cQqk7Zv,,,,,38.7373,-9.1945,anonymous,EN,1,,1,3,"Same strategie, increase the bar to the maximum to see if it gets similar enough with the original, and then decrease from there to make sure",1,,27,2,3,0,5,,2,,64cfeed1c4a717373e852ce4,9611,na,32437,32437,32437,apps,hidden,fraud,mnist,pollution,maxmin,outlier,vas,random,blue,2000,na,stl,1,3,fraud,vas
2024-02-28 18:28:13,2024-02-28 18:32:22,0,149.90.136.226,100,249,1,2024-02-28 18:32:23,R_4s2S1jgPVRowqqJ,,,,,41.177,-8.5612,anonymous,EN,1,,1,3,NO,3,,30,3,0,0,0,0,1,,5f8f7b6a2650711e2238f6d5,14416,na,na,32437,32437,apps,hidden,fraud,mnist,pollution,vas,random,blue,maxmin,outlier,750,na,stl,4,2,hidden,random
2024-02-28 18:22:27,2024-02-28 18:32:23,0,121.75.140.207,100,595,1,2024-02-28 18:32:23,R_4erCf0RADuggulg,,,,,-36.8631,174.7545,anonymous,EN,1,1,,3,most of the sample were not too similar so I used my best judgement to find one closest unless it was very obvious there was none that were close,1,,23,6,0,0,0,0,2,no,645bf09d994c95cdd2d9b33c,6407,32437,563,32437,375,apps,hidden,fraud,mnist,pollution,maxmin,outlier,vas,random,blue,200,200,lts,1,4,mnist,random
2024-02-28 18:24:35,2024-02-28 18:32:32,0,189.141.99.225,100,477,1,2024-02-28 18:32:33,R_7H7FKDIn1ozWujL,,,,,20.7206,-100.4174,anonymous,EN,1,1,,2,I looked at the most prominent points in the graphs and the overall shape of it to decide whether it lost the original intent or not.,2,,21,3,1,0,0,0,3,Everything was ok,65de63090d4695de8df8f28a,1898,na,2848,4271,4271,apps,hidden,fraud,mnist,pollution,maxmin,outlier,vas,random,blue,3000,200,lts,1,2,hidden,outlier
2024-02-28 18:24:42,2024-02-28 18:32:35,0,189.215.209.163,100,472,1,2024-02-28 18:32:35,R_5evVRtjhi30147D,,,,,18.7786,-98.9323,anonymous,EN,1,1,,3,"When it stopped looking like the original and stopped having the pattern of the original, I left it there.",2,,44,6,1,1,4,,3,"I tried to understand the instructions at the beginning, I want to think that I did it right, but it caused me confusion that at the beginning I made a mistake even though it said that there was no right or wrong answer.",650c8f5922976164900ad75e,1266,6407,4271,1266,4271,apps,hidden,fraud,mnist,pollution,outlier,vas,random,blue,maxmin,750,na,lts,5,4,mnist,blue
2024-02-28 18:22:16,2024-02-28 18:32:37,0,153.246.174.103,100,620,1,2024-02-28 18:32:38,R_4yaOgUzPc1XnVlL,,,,,34.5926,133.7595,anonymous,EN,1,2,,3,I used pattern and shape similarities. I also consider the amount of points or size of bars.,2,,32,6,1,0,9,0,3,No.,65cd5eeaacfb1e955956be9f,14416,na,32437,6407,21624,apps,hidden,fraud,mnist,pollution,vas,random,blue,maxmin,outlier,2000,1400,lts,4,4,mnist,maxmin
2024-02-28 18:20:39,2024-02-28 18:32:40,0,37.171.202.155,100,720,1,2024-02-28 18:32:41,R_5pY7G5GpLgRA6xt,,,,,48.8582,2.3387,anonymous,EN,1,2,,3,The strategy I've adopted is to find the key place where the overall sample graph is presented without being as detailed as the original.,1,,24,8,3,2,2,,3,,60d00e9d019f9bf7164f7e96,1898,2848,1266,9611,375,apps,hidden,fraud,mnist,pollution,random,blue,maxmin,outlier,vas,2000,1600,lts,3,5,pollution,vas
2024-02-28 18:24:35,2024-02-28 18:32:51,0,1.146.201.6,100,496,1,2024-02-28 18:32:52,R_4Bwr9XrzNhxbhol,,,,,-32.0301,115.973,anonymous,EN,1,,2,2,"The strategy was more or less the same for all of them. Increasing the amount of samples until the data was representative of the original. Without enough samples some of the visualizations were leaving out entire areas of charts, or showing the full range of data but not where  it is concentrated the most",1,,36,3,0,0,18,0,3,,65a9aec2a70a19082c8d509d,na,4271,4271,6407,2848,apps,hidden,fraud,mnist,pollution,blue,maxmin,outlier,vas,random,750,na,stl,2,2,hidden,maxmin
2024-02-28 18:26:43,2024-02-28 18:32:55,0,105.216.107.12,100,372,1,2024-02-28 18:32:56,R_7kKQahLTMJpfNtX,,,,,-26.2309,28.0583,anonymous,EN,1,2,,3,"No, I didnt use different strategies. I just decreased to my satisfaction ",2,,28,4,2,0,5,0,2,,5fd8a0646c16732304844f31,563,2848,32437,1898,32437,apps,hidden,fraud,mnist,pollution,outlier,vas,random,blue,maxmin,200,800,lts,5,1,apps,outlier
2024-02-28 18:20:49,2024-02-28 18:33:03,0,189.128.65.92,100,733,1,2024-02-28 18:33:04,R_7JPMBlX4HbkFKuJ,,,,,20.6574,-100.4148,anonymous,EN,1,2,,2,"I tried to make sure that the patterns were similar enough to start with. After that, I made sure to stop before the most important parts of the samples were erased or blended so that relevant information could still be picked up. This is the only strategy that I used for the samples.",2,,21,3,0,0,0,0,3,I think this was a very interesting and unique survey!,65ac0cc80b118ec1eda32288,na,9611,na,6407,na,apps,hidden,fraud,mnist,pollution,blue,maxmin,outlier,vas,random,1500,na,lts,2,3,fraud,outlier
2024-02-28 18:27:36,2024-02-28 18:33:09,0,187.131.185.115,100,333,1,2024-02-28 18:33:09,R_1BwIT2n2M2h8LYW,,,,,19.5618,-99.2129,anonymous,EN,1,,1,3,Just by looking constantly to both visualizers.  ,1,,30,3,0,0,0,0,3,"No, thanks.",5fb9adb28a52968d9f561808,na,na,na,32437,32437,apps,hidden,fraud,mnist,pollution,outlier,vas,random,blue,maxmin,3000,na,stl,5,5,pollution,maxmin
2024-02-28 18:27:26,2024-02-28 18:33:28,0,187.189.93.52,100,362,1,2024-02-28 18:33:29,R_7CJSFIH0jJlymxm,,,,,19.4155,-99.0465,anonymous,EN,1,2,,3,I tried to compare it with the original until it stopped being similar to me.,2,,27,6,0,1,0,,3,,5b5fdd52b36c3400014718b9,na,250,250,563,9611,apps,hidden,fraud,mnist,pollution,vas,random,blue,maxmin,outlier,500,na,lts,4,4,mnist,maxmin
2024-02-28 18:26:53,2024-02-28 18:33:29,0,86.81.157.234,100,396,1,2024-02-28 18:33:30,R_1sTu8IgSvup5bTM,,,,,52.1889,6.8775,anonymous,EN,1,,2,2,"Not really, it was more a feeling whether the right visualization could project and show the pattern of the original",2,,23,6,2,0,1,,2,,5ec71ce2fc75cf1631057575,2848,9611,32437,14416,1266,apps,hidden,fraud,mnist,pollution,blue,maxmin,outlier,vas,random,1000,1600,stl,2,3,fraud,outlier
2024-02-28 18:27:38,2024-02-28 18:33:33,0,84.224.31.135,100,355,1,2024-02-28 18:33:34,R_4l43veS4vWOlBl9,,,,,47.4651,18.9552,anonymous,EN,1,,1,2,My strategy was to make the sample look close to have the same shape as the original ,1,,20,2,3,0,0,0,3,,654cbcb9ca03c506c55db615,2848,6407,na,14416,1898,apps,hidden,fraud,mnist,pollution,blue,maxmin,outlier,vas,random,500,1600,stl,2,4,mnist,vas
2024-02-28 18:25:31,2024-02-28 18:33:34,0,190.46.207.85,100,483,1,2024-02-28 18:33:35,R_3KGzHN14GxUtPM5,,,,,-33.4521,-70.6536,anonymous,EN,1,,2,2,I didn't use a specific strategy; I looked for patterns that would help define the requested image.,1,,47,6,0,0,0,0,3,No.,65cec4108e7f6faea7b791f1,9611,1898,na,4271,563,apps,hidden,fraud,mnist,pollution,outlier,vas,random,blue,maxmin,2000,na,stl,5,3,fraud,random
2024-02-28 18:27:09,2024-02-28 18:33:38,0,93.147.243.203,100,389,1,2024-02-28 18:33:39,R_1D5YCg3YUM2viGE,,,,,38.1302,13.329,anonymous,EN,1,1,,2,i drew something imaginary using the data shown and stopped once i lost sight of it,1,,23,1,0,0,0,0,3,,5e3f867091be661d53bd43df,250,2848,250,1898,844,apps,hidden,fraud,mnist,pollution,outlier,vas,random,blue,maxmin,200,na,lts,5,2,hidden,vas
2024-02-28 18:26:17,2024-02-28 18:33:52,0,176.78.202.182,100,454,1,2024-02-28 18:33:53,R_2YrzHAx9TWNbdqw,,,,,38.7373,-9.1945,anonymous,EN,1,2,,3,First I tried to understand if the samples matched the original. The strategy was to have the minimum amount of definition that allowed me see certain details from the original,1,,41,10,12,3,16,,2,,6554dd13cc069c6742730591,na,250,844,6407,na,apps,hidden,fraud,mnist,pollution,random,blue,maxmin,outlier,vas,200,na,lts,3,4,mnist,outlier
2024-02-28 18:22:15,2024-02-28 18:33:55,0,193.224.106.21,100,700,1,2024-02-28 18:33:56,R_8pX6YC9YlnRjXsp,,,,,47.9573,21.7151,anonymous,EN,1,2,,3,"I only used one strategy, always looking at the differences between the original and sample so I can know how far or closer should the slide go,",2,,24,6,0,0,0,0,3,,610cfd6286acd76d66958ed4,na,na,1266,14416,na,apps,hidden,fraud,mnist,pollution,random,blue,maxmin,outlier,vas,200,na,lts,3,2,hidden,blue
2024-02-28 18:25:35,2024-02-28 18:33:57,0,189.203.100.50,100,502,1,2024-02-28 18:33:58,R_1R3YZwBX4Y85V4J,,,,,20.7264,-103.3873,anonymous,EN,1,,1,3,i  tried to identify the baseline of the graph and kept moving the bar until if was similar to the original graphic,1,,33,4,0,1,0,0,3,no,5dfd846eff28a8a6c0b40e1d,2848,32437,na,6407,na,apps,hidden,fraud,mnist,pollution,outlier,vas,random,blue,maxmin,1000,1200,stl,5,4,mnist,blue
2024-02-28 18:27:04,2024-02-28 18:34:09,0,1.145.37.69,100,424,1,2024-02-28 18:34:09,R_43RUqIikrJ2vMel,,,,,-33.9281,151.0736,anonymous,EN,1,1,,2,moved the slider to remove the dots as muhc as possible but so the information still looked similar to the original,2,,34,4,0,0,4,,2,,65c15099d396af7b640450e7,na,1898,250,844,6407,apps,hidden,fraud,mnist,pollution,vas,random,blue,maxmin,outlier,200,na,lts,4,4,mnist,maxmin
2024-02-28 18:26:18,2024-02-28 18:34:15,0,213.66.52.63,100,476,1,2024-02-28 18:34:15,R_21snQHcy7JKoKoJ,,,,,55.6078,12.9982,anonymous,EN,1,,2,1,I kept increasing and decreasing to see at which level there will be the most visual similarity then I stop at the level that provided the most similarity ,1,,37,7,24,4,14,,3,not really,657528257b4dff38b20a7bc4,32437,9611,21624,32437,9611,apps,hidden,fraud,mnist,pollution,outlier,vas,random,blue,maxmin,2000,1400,stl,5,1,apps,outlier
2024-02-28 18:24:42,2024-02-28 18:34:17,0,207.248.203.138,100,574,1,2024-02-28 18:34:18,R_7n6mnPzHuFAdR5P,,,,,-33.4521,-70.6536,anonymous,EN,1,2,,2,I determined my stopping points by watching how the samples changed on each visualization and I selected them when I had the confidence to predict how it would have to continue to be as close as possible to the original,2,,25,3,4,0,0,2,3,,65c0fe55bb3a574659ca83b9,563,1898,21624,4271,na,apps,hidden,fraud,mnist,pollution,outlier,vas,random,blue,maxmin,1500,na,lts,5,4,mnist,blue
2024-02-28 18:18:27,2024-02-28 18:34:18,0,5.38.229.161,100,951,1,2024-02-28 18:34:19,R_24Dm7RRKw7A801z,,,,,47.5636,19.0947,anonymous,EN,1,2,,3,"Just tried to find the last one that's similar enough. Also, I had to like not start looking at the images for too long, because the more I started looking at the details, the more differences my brain picked up between the main graph and the samples. ",1,,28,6,4,0,0,0,3,,5e8a039ae36a996a8e3def4e,na,na,9611,9611,14416,apps,hidden,fraud,mnist,pollution,maxmin,outlier,vas,random,blue,1000,na,lts,1,2,hidden,outlier
2024-02-28 18:25:56,2024-02-28 18:34:23,0,201.146.198.66,100,507,1,2024-02-28 18:34:24,R_1EiKfBcCIZDhaxj,,,,,31.6937,-106.4235,anonymous,EN,1,,1,3,I stopped when I could recognize the pattern from the original just enough. I used the same strategy with all of the visualizations.,2,,24,6,2,0,0,0,3,,585330394e111700010b1ecd,6407,1898,2848,4271,4271,apps,hidden,fraud,mnist,pollution,maxmin,outlier,vas,random,blue,200,1400,stl,1,3,fraud,vas
2024-02-28 18:27:17,2024-02-28 18:34:33,0,201.103.162.220,100,435,1,2024-02-28 18:34:33,R_7rO3IIMxtifIam6,,,,,19.4147,-99.1717,anonymous,EN,1,2,,2,"For the bar diagrams I used the scale for perspective of the higher values, for the one with clusters I chose the one that still had a significant accumulation. ",2,,25,3,2,0,1,,2,,60309a142458094108f37f73,21624,na,1266,14416,na,apps,hidden,fraud,mnist,pollution,random,blue,maxmin,outlier,vas,750,na,lts,3,5,pollution,vas
2024-02-28 18:27:30,2024-02-28 18:34:40,0,188.37.221.48,100,429,1,2024-02-28 18:34:40,R_7fI3Ze2XO8FLkdl,,,,,40.9548,-8.6249,anonymous,EN,1,2,,3,"My method to visualize whether the sample becomes different from the original is to reduce the points until the sample loses the form, the aspect or the curve of the original. I adopt almost the same strategy in every exercise, when it comes to graphics I tend to pay more attention to the ""meaning"" of it and if the sample stops showing an approximate result that's my stopping point.",1,,24,2,0,0,5,,3,,645a6ebe7ca837113f8d54dc,844,1266,2848,1266,2848,apps,hidden,fraud,mnist,pollution,blue,maxmin,outlier,vas,random,1000,400,lts,2,4,mnist,vas
2024-02-28 18:27:23,2024-02-28 18:34:55,0,189.153.201.131,100,451,1,2024-02-28 18:34:55,R_5BtvOXacCv3UiN1,,,,,25.7808,-100.3781,anonymous,EN,1,1,,2,"The strategy I used was dependent on the type of visualization, keeping in the original similitudes through the sample.",2,,20,5,2,3,1,,3,,65a6bb053eab2060b0c07665,14416,563,1266,6407,844,apps,hidden,fraud,mnist,pollution,random,blue,maxmin,outlier,vas,500,na,lts,3,5,pollution,vas
2024-02-28 18:31:45,2024-02-28 18:34:56,0,161.29.71.105,100,190,1,2024-02-28 18:34:57,R_4yumq0hy4i5idUZ,,,,,-43.5551,172.6178,anonymous,EN,1,2,,2,"I kept scrolling until the image looked different then went back one step. For some, the sample missed entire lines of data which would skew the outcome so I picked nothing was suitable",2,,27,6,2,0,0,,2,,659db1d05b102b72bcc11e0a,na,2848,32437,4271,9611,apps,hidden,fraud,mnist,pollution,blue,maxmin,outlier,vas,random,1500,na,lts,2,2,hidden,maxmin
2024-02-28 18:26:56,2024-02-28 18:35:13,0,121.44.212.215,100,497,1,2024-02-28 18:35:14,R_43TWGyIUwYexbzw,,,,,-34.9517,138.607,anonymous,EN,1,,2,3,"Different strategies for different visualizations. For the spots pattern, it didn't matter if there were fewer data points, as long as the overall pattern/appearance resembled that of the original. Struggled more with the line graphs to identify similarities/consistencies. ",2,,25,6,1,,,Certificate (1),3,,659b6086c3f3ad604a8906c9,na,na,4271,32437,na,apps,hidden,fraud,mnist,pollution,random,blue,maxmin,outlier,vas,3000,na,stl,3,4,mnist,outlier
2024-02-28 18:26:49,2024-02-28 18:35:18,0,85.244.201.222,100,509,1,2024-02-28 18:35:19,R_17NYLoh42nz0u34,,,,,38.8979,-9.035,anonymous,EN,1,,1,3,No I just look where the points are and how many,1,,22,7,1,1,2,,2,,64db888849e5590edaac22a1,250,na,na,32437,32437,apps,hidden,fraud,mnist,pollution,vas,random,blue,maxmin,outlier,200,na,stl,4,4,mnist,maxmin
2024-02-28 18:22:58,2024-02-28 18:35:31,0,190.100.137.165,100,752,1,2024-02-28 18:35:31,R_1FAvuH4C5q61Zlv,,,,,-33.4521,-70.6536,anonymous,EN,1,2,,3,"Yes, depending on the original type of sample i was trying to follow a judgement of what kind of similarity i would follow to define the the second image",1,,31,8,2,2,5,0,3,"It was a kind of interesting survey, I would like to know more deep information about the results",65215c2abb6082c1c3bcee5d,na,na,na,2848,14416,apps,hidden,fraud,mnist,pollution,vas,random,blue,maxmin,outlier,1000,na,lts,4,2,hidden,random
2024-02-28 18:20:29,2024-02-28 18:35:32,0,189.130.71.10,100,902,1,2024-02-28 18:35:32,R_6nHNULySL0srD8k,,,,,19.413,-99.1231,anonymous,EN,1,2,,2,"select the sample that clearly showed the differences in the distribution of the data, but that respected the frequency of appearance of the data through the density of the points",1,,29,8,1,8,3,,1,no,613a65ef1572b89703263611,na,9611,6407,14416,32437,apps,hidden,fraud,mnist,pollution,blue,maxmin,outlier,vas,random,750,na,lts,2,5,pollution,random
2024-02-28 18:25:08,2024-02-28 18:35:35,0,191.112.73.33,100,626,1,2024-02-28 18:35:36,R_7f29OqlH33vl52s,,,,,-33.4521,-70.6536,anonymous,EN,1,,1,3,Tried to repeat the pattern in the original picture,2,,35,7,3,1,1,,3,It was fun,651033d039c135459ac83d8f,32437,32437,na,32437,21624,apps,hidden,fraud,mnist,pollution,outlier,vas,random,blue,maxmin,3000,na,stl,5,4,mnist,blue
2024-02-28 18:26:44,2024-02-28 18:35:35,0,189.169.115.218,100,531,1,2024-02-28 18:35:36,R_3tG6ocuW6lxZbSV,,,,,20.5534,-100.7842,anonymous,EN,1,2,,3,using the shape of the original one,1,,43,6,1,0,0,0,2,,5cd9cd20300c8c00016ea1c4,2848,na,na,4271,9611,apps,hidden,fraud,mnist,pollution,vas,random,blue,maxmin,outlier,2000,na,lts,4,2,hidden,random
2024-02-28 18:23:02,2024-02-28 18:35:49,0,187.189.238.60,100,766,1,2024-02-28 18:35:49,R_7vYv5U9VJgpPyOB,,,,,29.1208,-110.838,anonymous,EN,1,,1,3,I tried to compare all the options too determinate which one was the most similar to te original,2,,21,6,1,1,0,,3,,613a428875824d53cfbba235,563,6407,32437,32437,21624,apps,hidden,fraud,mnist,pollution,outlier,vas,random,blue,maxmin,200,1600,stl,5,1,apps,outlier
2024-02-28 18:27:30,2024-02-28 18:35:56,0,102.220.209.104,100,506,1,2024-02-28 18:35:57,R_2fE7A4D1ovBGicc,,,,,-33.91,18.4304,anonymous,EN,1,2,,3,I analysed the original and stopped when the sample was or is the most accurate.,2,,28,3,0,0,0,0,3,,646bcf060a4480705c9636ca,32437,na,32437,32437,4271,apps,hidden,fraud,mnist,pollution,random,blue,maxmin,outlier,vas,2000,na,lts,3,1,apps,random
2024-02-28 18:27:21,2024-02-28 18:36:12,0,139.47.71.182,100,530,1,2024-02-28 18:36:12,R_2uEsRTCUbWpWRCx,,,,,40.4519,-3.711,anonymous,EN,1,2,,2,"I tried to stay true to the original size and shape of the image, without losing the important information",2,,22,7,2,1,0,,3,,65ba5f6a0e3d78f2358ec631,21624,na,1266,6407,na,apps,hidden,fraud,mnist,pollution,random,blue,maxmin,outlier,vas,750,na,lts,3,3,fraud,maxmin
2024-02-28 18:25:25,2024-02-28 18:36:16,0,186.104.82.125,100,650,1,2024-02-28 18:36:16,R_3EGX1l9ohzT9Gw1,,,,,-33.4521,-70.6536,anonymous,EN,1,2,,2,I focus mainly on the peak points to relate them to the sample.,1,,24,4,1,0,1,,3,I have no comments,5fcad728d12d7d016defe610,na,na,9611,1898,21624,apps,hidden,fraud,mnist,pollution,vas,random,blue,maxmin,outlier,1000,na,lts,4,5,pollution,outlier
2024-02-28 18:24:44,2024-02-28 18:36:29,0,111.69.72.202,100,705,1,2024-02-28 18:36:30,R_4dmYAssxrKB4ErI,,,,,-37.6846,176.162,anonymous,EN,1,2,,2,I had a look at all options and choose the one that was the best.,1,,47,7,1,1,5,0,3,no,5f30a3aafe3e9550d0b8333d,na,1266,1898,844,na,apps,hidden,fraud,mnist,pollution,outlier,vas,random,blue,maxmin,500,1400,lts,5,2,hidden,vas
2024-02-28 18:27:46,2024-02-28 18:36:30,0,165.73.49.99,100,524,1,2024-02-28 18:36:31,R_7oTzx21KUXdvEL7,,,,,-26.2309,28.0583,anonymous,EN,1,1,,2,"Initially, I went on the scale side that indicated fewer as my assumption was it would ensure that the difference of the sample would be visually different. There after I would move the scale slightly seeing at which point is the difference apparent and that would be the point I would stop. ",2,,26,6,2,0,0,,3,No.,60f575f3c4ba4a65eec7092f,1266,1898,4271,844,1266,apps,hidden,fraud,mnist,pollution,blue,maxmin,outlier,vas,random,200,600,lts,2,4,mnist,vas
2024-02-28 18:26:20,2024-02-28 18:36:36,0,187.208.120.192,100,616,1,2024-02-28 18:36:37,R_1RBV1Bg3q2fccVP,,,,,19.6937,-99.228,anonymous,EN,1,,1,3,"Yes, I try to choose the one that is similar to the original. And I try to watch -in general- that points are in the right place. ",2,,27,6,1,0,2,0,3,It was interesting!,613a779cf82fe120412839e5,na,na,na,21624,21624,apps,hidden,fraud,mnist,pollution,vas,random,blue,maxmin,outlier,200,na,stl,4,3,fraud,blue
2024-02-28 18:25:23,2024-02-28 18:36:56,0,109.49.117.220,100,692,1,2024-02-28 18:36:56,R_2aYbSkDFelhjqpP,,,,,38.7373,-9.1945,anonymous,EN,1,,,2,My strategy was to slide the slider until the dots on the right were similiar enough to the image being created by the dots on the left. I kept using this strategy for every stage of the study.,1,,27,7,0,1,1,0,2,Very unique and enjoyable study :),647c7eddec48b737578d8f38,32437,32437,375,6407,na,apps,hidden,fraud,mnist,pollution,random,blue,maxmin,outlier,vas,200,1600,stl,3,4,mnist,outlier
2024-02-28 18:23:48,2024-02-28 18:37:12,0,85.138.238.123,100,803,1,2024-02-28 18:37:12,R_8NxkwpcKXvwW2u5,,,,,38.6821,-9.162,anonymous,EN,1,,1,2,I tried to approximate the best I saw fit,1,,24,3,1,1,0,0,2,,603d4dbda4df1dbbe8cc13ee,32437,32437,21624,32437,4271,apps,hidden,fraud,mnist,pollution,random,blue,maxmin,outlier,vas,1500,1600,stl,3,3,fraud,maxmin
2024-02-28 18:17:36,2024-02-28 18:37:20,0,200.34.190.13,100,1184,1,2024-02-28 18:37:20,R_5ON45VvVLjugalJ,,,,,25.17,-103.249,anonymous,EN,1,2,,2,"I used the same strategy due to the alikeness of the figures, the dots resemble the more when they have more dots, however the ones that aren´t similar don't seem reasonable to move.",2,,21,3,6,0,1,,3,Everything fine thank you.,615b30431850ae816196b924,32437,na,32437,32437,9611,apps,hidden,fraud,mnist,pollution,random,blue,maxmin,outlier,vas,200,na,lts,3,3,fraud,maxmin
2024-02-28 18:26:11,2024-02-28 18:37:32,0,94.60.190.44,100,681,1,2024-02-28 18:37:32,R_5D7Vs7gwMWXu1x8,,,,,41.1691,-8.6793,anonymous,EN,1,2,,3,,1,,20,3,1,1,2,,3,,64d9183fba19eff7848d1e92,2848,32437,32437,32437,32437,apps,hidden,fraud,mnist,pollution,vas,random,blue,maxmin,outlier,3000,1600,lts,4,4,mnist,maxmin
2024-02-28 18:23:04,2024-02-28 18:37:59,0,185.122.98.146,100,894,1,2024-02-28 18:37:59,R_8hSTBvym8tXueTG,,,,,50.7213,23.2619,anonymous,EN,1,,1,3,I tried to make the sample image look at least a little like the original.,1,,29,2,0,0,0,0,2,first original image at tutorial did not load,5e9b0ac83abad80009e61116,1898,2848,1266,6407,1266,apps,hidden,fraud,mnist,pollution,random,blue,maxmin,outlier,vas,1500,na,stl,3,4,mnist,outlier
2024-02-28 18:26:25,2024-02-28 18:38:10,0,186.104.186.112,100,704,1,2024-02-28 18:38:10,R_3WAWEjNbXtwoUcs,,,,,-33.4521,-70.6536,anonymous,EN,1,2,,2,I tried to find the main identifying points of each original graph and then tried to erase those by decreasing the amount of points of those identifying zones on the samples,2,,25,2,2,0,0,0,3,,65bba9a2f3e7d021982a9f64,32437,4271,na,1898,2848,apps,hidden,fraud,mnist,pollution,maxmin,outlier,vas,random,blue,1000,na,lts,1,3,fraud,vas
2024-02-28 18:21:24,2024-02-28 18:38:13,0,201.141.36.214,100,1009,1,2024-02-28 18:38:14,R_3shb6f6jG5gxjB9,,,,,19.4354,-99.1427,anonymous,EN,1,,2,3,Looking for small details that were close enough to the original instead of just looking at the whole dataset,3,,25,3,1,0,0,0,3,,613ad089983f33fc8194d601,9611,21624,14416,na,844,apps,hidden,fraud,mnist,pollution,blue,maxmin,outlier,vas,random,2000,1600,stl,2,5,pollution,random
2024-02-28 18:17:20,2024-02-28 18:38:22,0,190.114.40.97,100,1261,1,2024-02-28 18:38:23,R_1QhTEqEM84TEuLp,,,,,-33.4521,-70.6536,anonymous,EN,1,,2,3,I find it very educational to compare and look for the different similarities of different graphs.,1,,25,3,2,0,2,3,2,Continue with this type of surveys.,65b91355ae76386f788ff473,2848,32437,32437,32437,1898,apps,hidden,fraud,mnist,pollution,outlier,vas,random,blue,maxmin,1000,1600,stl,5,4,mnist,blue
2024-02-28 18:27:32,2024-02-28 18:38:36,0,50.98.111.189,100,663,1,2024-02-28 18:38:36,R_7pMuAOQUpeJchbv,,,,,49.1297,-123.1658,anonymous,EN,1,,1,2,"My strategy was to keep moving the slider until the points of the sample formed a shape/pattern that was similar enough to the original. I tried to ensure that the sample had as few points as possible, while still having a shape/pattern that was similar to the original. I used the same strategy for each visualization.",2,,25,3,1,0,0,0,3,,60186b7c5524a20fcb8ececc,844,na,844,2848,375,apps,hidden,fraud,mnist,pollution,maxmin,outlier,vas,random,blue,1500,na,stl,1,2,hidden,outlier
2024-02-28 18:27:47,2024-02-28 18:38:36,0,197.101.83.221,100,648,1,2024-02-28 18:38:36,R_6fZz4rIDx7exQUU,,,,,-34.0486,18.4811,anonymous,EN,1,,1,3,I tried to match the original to the sample or find similarities on the shape or slope,2,,23,6,1,1,0,0,2,,616657d3063dd77f0ad2b866,na,na,32437,32437,na,apps,hidden,fraud,mnist,pollution,random,blue,maxmin,outlier,vas,3000,na,stl,3,5,pollution,vas
2024-02-28 18:25:42,2024-02-28 18:38:49,0,186.107.45.248,100,786,1,2024-02-28 18:38:49,R_6HUGzfQpUtZY52x,,,,,-33.4521,-70.6536,anonymous,EN,1,2,,2,im select image like that but more shorty,1,,27,8,0,0,0,0,3,more information,5f3de2183d558221c732b650,na,250,250,1266,na,apps,hidden,fraud,mnist,pollution,maxmin,outlier,vas,random,blue,200,400,lts,1,1,apps,maxmin
2024-02-28 18:25:50,2024-02-28 18:39:03,0,41.13.9.4,100,792,1,2024-02-28 18:39:04,R_2j9Hmi1QCVgRPJf,,,,,-26.2309,28.0583,anonymous,EN,1,,,3,I stopped as soon as the visualization was clearer and no longer too crowded.,2,,33,6,0,0,0,,2,"I wish to know and learn more about statistics, and how they work and how they are applied",6534d041be8ff8dd45e68d63,14416,1898,6407,1266,563,apps,hidden,fraud,mnist,pollution,blue,maxmin,outlier,vas,random,2500,na,lts,2,3,fraud,outlier
2024-02-28 18:27:45,2024-02-28 18:39:49,0,102.23.224.239,100,723,1,2024-02-28 18:39:49,R_7VJuH3e5lEM2AiU,,,,,-28.5835,31.3794,anonymous,EN,1,,1,2,"I looked for a pattern and then chose the smallest choice that would indicate that pattern. for instance in the one pattern there was a bunch of dots looked like islands with spaces between them. I increased the number until I could make out that it wasn't one mass there was spaces inbetween. 

I mostly used this strategy, though changing it to fit the pattern or come as close to making it out. Like in the graphs style once basic indication of a trend was good enough. ",1,,42,3,0,0,0,0,3,"No, though it wasn't very clear at first what you were looking for it became clear after the second sample. ",5ead89a08a4c3741712fb05b,9611,1898,21624,4271,na,apps,hidden,fraud,mnist,pollution,blue,maxmin,outlier,vas,random,500,1600,stl,2,3,fraud,outlier
2024-02-28 18:21:47,2024-02-28 18:40:30,0,201.175.254.104,100,1122,1,2024-02-28 18:40:30,R_3bCrkp3Vi2J0Gdz,,,,,25.7659,-100.2687,anonymous,EN,1,2,,2,I take into account what for me are the most representative characteristics of the pattern. I stop when one or more of them are lost.,1,,30,3,1,0,0,0,2,No feedback,65563952de5c5569d4e55cb8,na,na,1898,2848,14416,apps,hidden,fraud,mnist,pollution,maxmin,outlier,vas,random,blue,1000,na,lts,1,5,pollution,blue
2024-02-28 18:26:46,2024-02-28 18:40:36,0,105.184.214.13,100,830,1,2024-02-28 18:40:37,R_7N8k5CmcetxLQdk,,,,,-34.0486,18.4811,anonymous,EN,1,,1,2,I tried to see if the shapes in the samples match a bit to the original to determine my answer and if they didn't then I chose the none of the samples match button.,1,,28,3,0,0,0,0,2,"no, thank you",64af5078c13aee97fa0a9983,6407,14416,na,4271,na,apps,hidden,fraud,mnist,pollution,outlier,vas,random,blue,maxmin,1500,na,stl,5,2,hidden,vas
2024-02-28 18:20:48,2024-02-28 18:40:49,0,200.56.111.254,100,1201,1,2024-02-28 18:40:50,R_1Ne5KRxs7xjkndy,,,,,32.4791,-116.8011,anonymous,EN,1,1,,2,"I made selections that still resembled the original, in concept and placement of information (points or bars). For example, in the last task, I didn't select a sample because the original presented a greater concentration of dots in the center while spread at the edges, but none of the samples reflected this ratio of concentration. ",1,,34,2,0,0,0,1,3,,5fbeec5d9d4fac152ac8bf28,4271,na,na,14416,na,apps,hidden,fraud,mnist,pollution,outlier,vas,random,blue,maxmin,3000,na,lts,5,2,hidden,vas
2024-02-28 18:24:16,2024-02-28 18:40:54,0,89.64.31.44,100,998,1,2024-02-28 18:40:54,R_1Yr1ikKuiFpSdHE,,,,,54.3741,18.5935,anonymous,EN,1,,1,2,I just looked at the graphs and tried to look at the similarities.,1,,23,2,0,0,2,0,2,,5aeaef0715a9c300011acf19,na,na,21624,32437,na,apps,hidden,fraud,mnist,pollution,maxmin,outlier,vas,random,blue,2000,na,stl,1,5,pollution,blue
2024-02-28 18:17:13,2024-02-28 18:41:02,0,58.169.144.102,100,1429,1,2024-02-28 18:41:03,R_4pHsYZnyKnpX7JD,,,,,-33.7064,150.9596,anonymous,EN,1,2,,2,they looked similar,2,,50,2,0,0,10,0,3,,59ab7a888cef7d00011f88a0,375,na,21624,9611,na,apps,hidden,fraud,mnist,pollution,maxmin,outlier,vas,random,blue,750,na,lts,1,1,apps,maxmin
2024-02-28 18:36:07,2024-02-28 18:41:27,0,103.19.4.90,100,320,1,2024-02-28 18:41:27,R_4IMdk4zCe8FRIgm,,,,,-36.8556,174.8441,anonymous,EN,1,,2,2,"The reasoning strategy I used was to ensure that the most dense points of the visualisation were accurately represented in the sample, as well as ensuring that the high and low points of the original were somewhat accurately represented. For bar graphs, I focused more on the high and low points, whereas for scatter plots, I focused more on ensuring the dense points were accurate. ",1,,21,6,0,0,0,High School - 3 years,3,,6507b9bb591942406e5f8217,na,na,250,4271,844,apps,hidden,fraud,mnist,pollution,random,blue,maxmin,outlier,vas,500,na,stl,3,3,fraud,maxmin
2024-02-28 18:26:34,2024-02-28 18:41:29,0,206.12.239.180,100,895,1,2024-02-28 18:41:30,R_3pYbm0eAnXL4RFs,,,,,48.4808,-123.3165,anonymous,EN,1,1,,2,"I just looked and did my best
",1,,19,2,8,0,0,0,3,,65a48ec0705e9626c62e0d1e,na,2848,844,9611,1898,apps,hidden,fraud,mnist,pollution,blue,maxmin,outlier,vas,random,750,na,lts,2,5,pollution,random
2024-02-28 18:26:58,2024-02-28 18:41:35,0,41.121.15.47,100,877,1,2024-02-28 18:41:36,R_2dhKqCe7XBdRj96,,,,,-25.7599,28.2604,anonymous,EN,1,,2,2,The strategies i used was the same as the first examples that where given to me. Yes i adopted diffrent strategies but towards the end,2,,24,6,2,0,4,0,3,,60fc6d93a191bc5ebe572121,na,21624,na,32437,14416,apps,hidden,fraud,mnist,pollution,blue,maxmin,outlier,vas,random,500,na,stl,2,4,mnist,vas
2024-02-28 18:22:50,2024-02-28 18:42:11,0,189.195.198.66,100,1160,1,2024-02-28 18:42:12,R_6QmnUiaJlkQWpIo,,,,,21.6212,-104.843,anonymous,EN,1,2,,2,I tried to have the least amount of data but at the same time to follow the pattern as much as possible.,1,,26,6,2,0,1,,2,,5f38c9aa0c68ee3f7c72f7b4,na,na,4271,2848,14416,apps,hidden,fraud,mnist,pollution,vas,random,blue,maxmin,outlier,750,na,lts,4,1,apps,vas
2024-02-28 18:30:25,2024-02-28 18:42:34,0,159.196.12.154,100,728,1,2024-02-28 18:42:35,R_4LkBYTQYmdDbTcV,,,,,-27.4679,153.0325,anonymous,EN,1,,1,3,When i could see the core of the graphs answers in the similar one i stopped. Usually this was when the biggest result group was fully visible on the second graph.,2,,21,4,0,2,3,,2,,65afd1febe9872afe767dd5f,6407,6407,21624,32437,14416,apps,hidden,fraud,mnist,pollution,maxmin,outlier,vas,random,blue,1500,na,stl,1,2,hidden,outlier
2024-02-28 18:38:17,2024-02-28 18:43:21,0,77.199.85.24,100,304,1,2024-02-28 18:43:22,R_2hTpqlpApx4hxdV,,,,,45.7663,4.8883,anonymous,EN,1,2,,1,if we interact with large scale it goes up,2,,29,6,1,1,4,0,1,images are not visible,650aedb786bfc02e22ec64d6,32437,na,1266,375,563,apps,hidden,fraud,mnist,pollution,blue,maxmin,outlier,vas,random,1500,na,lts,2,5,pollution,random
2024-02-28 18:27:00,2024-02-28 18:43:44,0,187.172.16.129,100,1004,1,2024-02-28 18:43:45,R_1QflVHYZgYMOE86,,,,,23.276,-106.3957,anonymous,EN,1,,2,2,"If there are a lot of points I move the bar all to the right and if I need more points, it doesn't match. 
I use the same strategies. If I see difference between the charts, I try to add more points or bars until they match. ",2,,24,6,1,0,0,0,3,It was entertaining ,61413fc1477625992cd74411,na,na,32437,32437,na,apps,hidden,fraud,mnist,pollution,random,blue,maxmin,outlier,vas,200,na,stl,3,2,hidden,blue
2024-02-28 18:27:43,2024-02-28 18:43:56,0,93.23.135.218,100,972,1,2024-02-28 18:43:56,R_3Pw2UnzPVHzykAi,,,,,47.2145,-1.5512,anonymous,EN,1,1,,2,I do not have any real strategy to pick a visualization. My brain is rather confused. I find it very difficult to evaluate.,1,,64,6,,2,0,,3,,5d7d97649911620001e4bc92,4271,na,32437,6407,14416,apps,hidden,fraud,mnist,pollution,vas,random,blue,maxmin,outlier,1000,na,lts,4,1,apps,vas
2024-02-28 18:19:41,2024-02-28 18:45:44,0,213.64.117.44,100,1562,1,2024-02-28 18:45:44,R_3CefbFac37UjAd3,,,,,56.2036,12.5709,anonymous,EN,1,2,,2,"I was trying to match, as much as possible, the patterns (or ""shapes"") that I could identify looking at the data on both the large dataset and the sample. Sometimes the sample was already lacking some elements, but still showed enough resemblance compared with the large dataset, so I never felt they were way too different and I didn't feel the need to use the button. 
When it comes to the bar graphs, I was mostly focusing on the distribution of the data. 
When it comes to the ones presenting circular or oval shapes, I focused on trying to keep the density of the data and the distance between the shapes. 
In all cases, I stopped when the shapes no longer had the same ""feeling of correlation"", or ""feeling of density"", in comparison to the large dataset.",2,,39,6,1,0,0,0,3,,5c5e0399943a720001850c2e,9611,6407,21624,14416,1898,apps,hidden,fraud,mnist,pollution,blue,maxmin,outlier,vas,random,500,na,lts,2,2,hidden,maxmin
2024-02-28 18:39:25,2024-02-28 18:46:06,0,79.147.39.24,100,400,1,2024-02-28 18:46:06,R_8f10NDY2PNDknjb,,,,,36.8108,-2.5679,anonymous,EN,1,2,,2,I have simply relied on my visual ability to see the images summarized.,1,,42,6,0,0,5,0,1,,65c670deb2b5be87cc30f5c6,na,na,375,9611,na,apps,hidden,fraud,mnist,pollution,random,blue,maxmin,outlier,vas,200,na,lts,3,3,fraud,maxmin
2024-02-28 18:24:37,2024-02-28 18:47:43,0,148.205.56.10,100,1385,1,2024-02-28 18:47:43,R_5jdOEUesF650Qf6,,,,,19.3335,-99.2067,anonymous,EN,1,,1,3,"Yes, once more instructions were provided, I judged more based on representation than density.",2,,29,7,4,2,0,,2,,613aae13b3e3966565bdcfc8,4271,na,9611,32437,844,apps,hidden,fraud,mnist,pollution,random,blue,maxmin,outlier,vas,1000,na,stl,3,5,pollution,vas
2024-02-28 18:34:12,2024-02-28 18:48:24,0,186.105.253.34,100,852,1,2024-02-28 18:48:24,R_65A5rCyfwoNU1cg,,,,,-33.5172,-70.7694,anonymous,EN,1,,2,2,"Mostly a feel thing, if the image had specific images that were needed then I stopped when the form could be the most similar, life if it there was a square then I stopped when the figure most looked like a square.",1,,31,3,0,0,0,0,2,Some shapes were too abstract to even know if it was close enough or not.,5bbfeb974c98a200010a804a,na,4271,na,14416,844,apps,hidden,fraud,mnist,pollution,blue,maxmin,outlier,vas,random,3000,na,stl,2,1,apps,blue
2024-02-28 18:25:24,2024-02-28 18:49:20,0,152.174.91.91,100,1436,1,2024-02-28 18:49:21,R_7n8tyK3GpYucdoJ,,,,,-29.907,-71.2562,anonymous,EN,1,,2,3,Just tried to figure out how close is to the original sample.,1,,28,6,3,1,0,1,2,-,60ee4a789df895b03c75495b,32437,844,32437,4271,563,apps,hidden,fraud,mnist,pollution,blue,maxmin,outlier,vas,random,1500,800,stl,2,4,mnist,vas
2024-02-28 18:27:14,2024-02-28 18:52:00,0,189.153.212.125,100,1485,1,2024-02-28 18:52:01,R_3n8avQEXnvuNoYb,,,,,25.7808,-100.3781,anonymous,EN,1,1,,2,"In general, I tried to approach from the ""fewer"" end to the ""more"" end until I started to noticed the features of the original figure. It was harder to find a pattern that approaches the original figure for the bars graphics than for the dots. At the beginning I tried the other way from the ""more"" dots end to the ""fewer"" end but I didn't feel comfortable with that strategy that´s why I changed it.",3,,22,6,1,0,0,,3,"No, everything went fine, thanks.",65c680c010d58b61cda5acec,32437,2848,32437,1898,na,apps,hidden,fraud,mnist,pollution,outlier,vas,random,blue,maxmin,1500,na,lts,5,3,fraud,random
2024-02-28 18:35:11,2024-02-28 18:56:36,0,85.240.210.45,100,1284,1,2024-02-28 18:56:36,R_82Miub6hlCf19a9,,,,,37.0157,-7.936,anonymous,EN,1,1,,2,"My reasoning strategy was to think how much would I need to know to have a good idea of what the original was, like the shape, points ratio or trajectory, and build it back without looking at the original. I adopted different stratagies with different visualizations, in the dots I looked to the ratio of dots and the shape and in the bars graph I looked to the amount of bars I would need to understand the pattern.",1,,36,2,0,0,0,0,3,everything worked correctly,612520bd6605794b27e6a0fd,32437,4271,844,1266,na,apps,hidden,fraud,mnist,pollution,outlier,vas,random,blue,maxmin,200,na,lts,5,3,fraud,random
2024-02-28 18:26:10,2024-02-28 18:58:00,0,99.240.6.189,100,1910,1,2024-02-28 18:58:01,R_1s6SttaovXuXmDe,,,,,43.6922,-79.4309,anonymous,EN,1,,1,3,"I looked if the overall shape or curve was remotely resembling the shape or pattern at all, or if sliding the bar from one end to the other produced no resemblance or similarities. In those case I chose neither sample is similar enough as the answer ",2,,33,6,43,0,7,0,3,,5d671e5f6c4d1700183102f9,na,na,14416,9611,na,apps,hidden,fraud,mnist,pollution,maxmin,outlier,vas,random,blue,2500,na,stl,1,5,pollution,blue
2024-02-28 18:54:43,2024-02-28 18:58:00,0,201.141.124.218,100,197,1,2024-02-28 18:58:01,R_30f8ANvYgmoJmaY,,,,,19.4354,-99.1427,anonymous,EN,1,,1,2,seeing if there are groups of data points and move the slider up to a point that every group is represented,1,,27,6,2,0,0,,3,,5e5c993cd0394c474f7cc502,4271,2848,1266,4271,32437,apps,hidden,fraud,mnist,pollution,outlier,vas,random,blue,maxmin,750,na,stl,5,3,fraud,random
2024-02-28 18:56:19,2024-02-28 19:01:37,0,186.104.114.48,100,318,1,2024-02-28 19:01:38,R_5SujyO9gx1CN6RM,,,,,-33.4521,-70.6536,anonymous,EN,1,,2,2,I think my choises are pretty decent to have an understanding of the original sample without having so much data,2,,54,6,0,0,0,0,3,Thanks for the opportunity,65a69ce9c8cf8262d34f646a,375,1266,4271,1898,563,apps,hidden,fraud,mnist,pollution,outlier,vas,random,blue,maxmin,3000,1600,stl,5,4,mnist,blue
2024-02-28 19:15:19,2024-02-28 19:22:26,0,84.90.227.46,100,426,1,2024-02-28 19:22:27,R_42y1oQPbjARI934,,,,,40.6642,-7.9072,anonymous,EN,1,2,,2,maintaining a perefical view,1,,23,6,2,3,1,,2,,647922d23b058e3c3bf8a974,na,na,32437,9611,32437,apps,hidden,fraud,mnist,pollution,vas,random,blue,maxmin,outlier,1000,na,lts,4,3,fraud,blue
2024-02-28 19:18:45,2024-02-28 19:31:09,0,201.145.79.254,100,744,1,2024-02-28 19:31:10,R_67eURS3QqGB4Kev,,,,,19.6371,-99.1958,anonymous,EN,1,1,,2,"I was looking out for trends, for subgroups, and the maximum and minimum values of y depending on x.",2,,37,9,1,3,4,0,3,"I used to use statistics six years ago, but not anymore.",613a972033d79df11a6570de,na,9611,na,9611,2848,apps,hidden,fraud,mnist,pollution,blue,maxmin,outlier,vas,random,1000,1600,lts,2,2,hidden,maxmin
2024-02-28 18:21:25,2024-02-28 19:43:32,0,149.167.136.126,100,4927,1,2024-02-28 19:43:33,R_4LSUmQrZW7a6QWC,,,,,-27.5126,153.029,anonymous,EN,1,,2,2,I stopped at the point where the sample showed a similar pattern or geometry to the dataset.,1,,37,8,2,4,12,,3,"Interesting survey, thank you.",65620fdfa2d285a69c85464f,6407,na,6407,4271,375,apps,hidden,fraud,mnist,pollution,maxmin,outlier,vas,random,blue,3000,na,stl,1,3,fraud,vas
