StartDate,EndDate,Status,IPAddress,Progress,Duration (in seconds),Finished,RecordedDate,ResponseId,RecipientLastName,RecipientFirstName,RecipientEmail,ExternalReference,LocationLatitude,LocationLongitude,DistributionChannel,UserLanguage,Consent,check-decrease-1,check-increase-1,check-2,gender,gender_4_TEXT,age,education,experience_1,experience_2,experience_3,experience_4,effort,feedback,PROLIFIC_PID,size00,size01,size,justification,order,method
2024-03-01 08:11:47,2024-03-01 08:16:17,0,94.60.198.20,100,269,1,2024-03-01 08:16:17,R_2fu9SLcUFabYZMt,,,,,41.1384,-8.6168,anonymous,EN,1,2,,3,2,,24,5,1,1,3,,3,,5f61578829b2480f4a57565a,500,1600,250,it looks different enough,lts,blue
2024-03-01 08:12:28,2024-03-01 08:17:25,0,109.242.76.166,100,297,1,2024-03-01 08:17:26,R_2qwAaKQ3VWS0MN3,,,,,40.6439,22.9358,anonymous,EN,1,2,,2,1,,24,3,1,0,0,0,3,,5d70384bc4f383000128da9c,500,na,21624,,lts,random
2024-03-01 08:12:33,2024-03-01 08:17:41,0,88.122.164.145,100,307,1,2024-03-01 08:17:41,R_5zWK3Rm9jxNnETn,,,,,48.7756,2.3337,anonymous,EN,1,,1,3,2,,26,7,0,0,0,,2,,65998bc675eef229eb24dbff,1500,1600,32437,I was looking at the size and for of the middle form. It was still a little difficult to understand what was expected.,stl,blue
2024-03-01 08:13:21,2024-03-01 08:17:46,0,213.134.178.231,100,264,1,2024-03-01 08:17:46,R_6OkvMamxCfjspAU,,,,,52.2296,21.0067,anonymous,EN,1,,2,2,1,,26,6,1,0,3,,2,,5fa925f7a78e1e0008f13a21,1500,na,6407,"<font style=""vertical-align: inherit;""><font style=""vertical-align: inherit;"">poziom wypełnienia na środku wykresu
</font></font><div><br></div>",stl,maxmin
2024-03-01 08:13:26,2024-03-01 08:18:02,0,148.234.150.59,100,276,1,2024-03-01 08:18:03,R_3BQLmnJvT2ZK9pp,,,,,25.8264,-100.4082,anonymous,EN,1,,1,3,1,,32,6,1,1,1,0,2,,5b7c3611b22fe60001df1efd,2000,na,2848,It shows how the points are getting in the same way,stl,random
2024-03-01 08:14:02,2024-03-01 08:18:18,0,176.230.128.35,100,255,1,2024-03-01 08:18:19,R_41zzT8cScELEdgg,,,,,31.9642,34.7876,anonymous,EN,1,2,,3,2,,28,7,2,0,0,,2,,5f1ea63c6da2c202bad6db5b,3000,na,14416,I just moved the slider until it looked the most similar.,lts,maxmin
2024-03-01 08:16:22,2024-03-01 08:18:27,0,89.155.29.158,100,124,1,2024-03-01 08:18:27,R_7dhoKTkXuv1jk6d,,,,,41.1691,-8.6793,anonymous,EN,1,2,,2,1,,26,6,,,,,1,,654b9495e8eaa013e392726c,200,na,21624,,lts,vas
2024-03-01 08:15:08,2024-03-01 08:18:36,0,76.64.56.72,100,207,1,2024-03-01 08:18:36,R_51bXd10sBqESZbA,,,,,45.471,-75.4737,anonymous,EN,1,2,,3,2,,25,3,0,,,,3,,5e5d5bca1322f00407344ee0,3000,na,na,,lts,blue
2024-03-01 08:15:11,2024-03-01 08:19:04,0,128.116.221.183,100,232,1,2024-03-01 08:19:05,R_6lGlpOeXW5yMq8W,,,,,45.5336,10.2194,anonymous,EN,1,1,,2,1,,22,3,2,0,0,,2,No,60f030dca19a06db1b50d16a,3000,na,32437,The center of the original lines up with the graph on the right.,lts,outlier
2024-03-01 08:14:52,2024-03-01 08:19:06,0,85.138.230.110,100,253,1,2024-03-01 08:19:06,R_5IrZDTx69dDePcJ,,,,,38.6821,-9.162,anonymous,EN,1,2,,2,1,,25,7,4,2,0,,3,no,5f6b70d050d8b206c64e4ba1,200,na,2848,stoped when I couldn't see no more difeence between the centre and the border density,lts,vas
2024-03-01 08:14:41,2024-03-01 08:19:12,0,83.196.182.205,100,271,1,2024-03-01 08:19:13,R_4ltoY8k94MWMUuo,,,,,48.6822,6.1862,anonymous,EN,1,,2,2,2,,32,9,3,4,8,,2,,57ec4769045a690001bf1d66,1500,na,9611,"Aside from the circle-like range that was represented early on, I sought for the sample to also display the diagonal peak, and that appeared only with a sufficiently many points",stl,maxmin
2024-03-01 08:15:30,2024-03-01 08:19:15,0,178.36.9.208,100,224,1,2024-03-01 08:19:15,R_2exgGlsXnLTc4EN,,,,,52.2296,21.0067,anonymous,EN,1,,2,2,1,,24,2,0,0,0,0,2,,602ad66fbc577218faf19253,2000,800,6407,I am trying to present the most dense parts of the original graph,stl,outlier
2024-03-01 08:14:57,2024-03-01 08:19:38,0,110.32.55.134,100,280,1,2024-03-01 08:19:38,R_4MKWUpidaeuJFCY,,,,,-27.5968,152.971,anonymous,EN,1,2,,2,1,,21,1,0,0,0,0,2,,65e1df96d420e2526af2fc6e,1000,na,14416,Solid diagonal shape appears within both the original and sample,lts,maxmin
2024-03-01 08:16:13,2024-03-01 08:19:48,0,212.59.230.50,100,215,1,2024-03-01 08:19:49,R_4pWB3lVSAmzqqEJ,,,,,50.2527,19.0284,anonymous,EN,1,,1,3,2,,21,3,2,3,0,,2,,6008a0c0b660fb51dd2b32f7,2000,1600,na,I looked at the center,stl,random
2024-03-01 08:13:37,2024-03-01 08:19:50,0,144.64.103.97,100,372,1,2024-03-01 08:19:50,R_2N2kLkiqjPU6SaP,,,,,41.3012,-7.742,anonymous,EN,1,,2,2,2,,24,6,1,0,1,,3,,61146df02f8f4131c8da6d3c,3000,1600,na,"The sample is not too similar, i chose that one because it's the only one where it doesn't have too much or too little ",stl,vas
2024-03-01 08:17:59,2024-03-01 08:19:51,0,209.35.94.241,100,111,1,2024-03-01 08:19:51,R_5CXErOX19b37QhX,,,,,53.4788,-2.2585,anonymous,EN,1,,1,3,2,,32,7,0,0,0,0,2,,5e1781093582cc082a68723c,500,400,1266,,stl,outlier
2024-03-01 08:17:29,2024-03-01 08:19:55,0,94.60.78.244,100,145,1,2024-03-01 08:19:55,R_26FBr3zvZ7nmejf,,,,,41.1691,-8.6793,anonymous,EN,1,,1,2,1,,37,7,,1,12,,2,no,5c437b9735b63800019b31a8,3000,1200,14416,Cinrcumscript an area,stl,vas
2024-03-01 08:14:59,2024-03-01 08:20:22,0,79.107.91.99,100,322,1,2024-03-01 08:20:23,R_68XUKnR8i37fBJp,,,,,37.9842,23.7353,anonymous,EN,1,,2,2,2,,22,2,3,3,0,,2,,64ef422a4789bd6b6b9042ce,3000,400,9611,enough points to understand that there is a circle surrounding the line,stl,outlier
2024-03-01 08:15:58,2024-03-01 08:20:23,0,213.184.0.99,100,265,1,2024-03-01 08:20:23,R_36Fqg1Ak5R2CZ8d,,,,,53.7831,20.4791,anonymous,EN,1,,2,3,2,,21,4,1,1,3,,2,,60e96b12a9bf38cf4eb19c56,1500,1600,32437,Because on this one I can see a oval shape as at the original picture,stl,blue
2024-03-01 08:16:57,2024-03-01 08:20:34,0,80.229.24.225,100,217,1,2024-03-01 08:20:37,R_11sm5NFug0295bB,,,,,52.1043,-0.5498,anonymous,EN,1,2,,2,1,,43,6,0,0,2,1,3,,5b9281970ff8eb00018874f9,1500,na,14416,"oval shape had to show, hs to give good impression of the circle too",lts,blue
2024-03-01 08:16:34,2024-03-01 08:20:37,0,194.99.105.90,100,242,1,2024-03-01 08:20:37,R_2lRhcPhdGr87v5p,,,,,52.1574,21.0126,anonymous,EN,1,2,,2,2,,23,6,4,0,5,0,3,,5eb6f85c1c54b4067b4ba65d,1000,400,6407,I move the slider until the sample gets to the point in which the intensification of the dots could take another turn than the original.,lts,maxmin
2024-03-01 08:17:08,2024-03-01 08:20:45,0,85.229.68.235,100,216,1,2024-03-01 08:20:46,R_2KwP1yV7xpYKTXW,,,,,59.3241,18.0517,anonymous,EN,1,2,,2,1,,23,6,4,3,0,0,3,No everything worked out :),5eea8ba19d0a1a155a3a67f7,200,na,6407,"Just tried to find the photo that more similar to the original, with fewer points",lts,outlier
2024-03-01 08:14:22,2024-03-01 08:20:52,0,95.92.150.160,100,389,1,2024-03-01 08:20:52,R_2L9QVcOtNYhYA6d,,,,,38.6111,-9.1151,anonymous,EN,1,1,,2,1,,24,1,0,0,5,0,1,"nothing, i hope i helps in some way ",5ff1a1f38f621059b3dd478d,2500,na,563,the spiral in the middle,lts,random
2024-03-01 08:18:01,2024-03-01 08:21:18,0,94.60.6.252,100,196,1,2024-03-01 08:21:19,R_5eXbgw3ZMggiEAx,,,,,40.6027,-7.7691,anonymous,EN,1,,1,3,2,,26,7,1,1,2,,2,No,60fd225c4faaa264601c1792,1500,1600,6407,I am not sure yet,stl,blue
2024-03-01 08:17:26,2024-03-01 08:21:20,0,105.29.84.193,100,233,1,2024-03-01 08:21:20,R_3T2Xj77O1kp8ZqN,,,,,-26.2309,28.0583,anonymous,EN,1,1,,3,2,,26,3,0,0,0,0,2,,615ff7b01f8928b46405ccad,750,na,6407,,lts,maxmin
2024-03-01 08:18:58,2024-03-01 08:21:25,0,154.47.106.2,100,146,1,2024-03-01 08:21:25,R_7L84HtyiOr34fbx,,,,,54.1212,-3.1943,anonymous,EN,1,2,,2,3,,21,3,0,0,0,0,3,,5f2b2c38344357530961afa1,200,na,9611,i looked at basic shapes and patterns,lts,outlier
2024-03-01 08:18:33,2024-03-01 08:21:25,0,197.184.178.70,100,171,1,2024-03-01 08:21:26,R_61boa8enIqYcGGm,,,,,-26.2309,28.0583,anonymous,EN,1,,2,3,1,,45,1,0,0,0,0,3,,5e71e26df2bff10008cc9797,1000,na,na,,stl,blue
2024-03-01 08:18:49,2024-03-01 08:21:25,0,95.136.62.18,100,156,1,2024-03-01 08:21:26,R_8DO6lt7HtCqyWH3,,,,,38.7373,-9.1945,anonymous,EN,1,1,,2,2,,21,2,0,0,0,0,3,no,5dea549b1e806c168ca5d0f0,200,na,4271,,lts,blue
2024-03-01 08:18:22,2024-03-01 08:21:34,0,129.100.255.81,100,192,1,2024-03-01 08:21:35,R_6jy3cBMZ3jBFmlH,,,,,43.0147,-81.3049,anonymous,EN,1,,2,2,2,,21,6,1,0,.5,,3,,61168b5a09f6ddf2f548eabd,1500,na,na,"I moved the slider to the most right, but found that this point does not match the original close enough. So I pressed none of the sample sizes are sufficiently similar button.",stl,blue
2024-03-01 08:18:00,2024-03-01 08:21:40,0,94.60.174.11,100,219,1,2024-03-01 08:21:40,R_60db9wMUtXp2h0E,,,,,41.2345,-8.6182,anonymous,EN,1,1,,3,1,,28,7,1,2,1,1,3,,5ccc758ab11510001584a1af,750,na,na,I compared both of the pictures and played with the slider until it didn't capture the key patterns and features of the original one,lts,random
2024-03-01 08:17:30,2024-03-01 08:21:41,0,86.16.60.199,100,250,1,2024-03-01 08:21:41,R_3q0ddOhbVqDRYGt,,,,,53.9573,-1.0837,anonymous,EN,1,,1,2,2,,34,7,0,1,1,,3,,5a33c9b80758280001030b0d,750,600,844,Wanted to show the clustering in the middle but also that there are some data points around it.,stl,random
2024-03-01 08:18:39,2024-03-01 08:21:42,0,161.230.115.53,100,182,1,2024-03-01 08:21:42,R_79wy8v6UQe0n1Jf,,,,,41.5515,-8.4204,anonymous,EN,1,2,,2,1,,27,6,2,0,0,0,2,,5eeb2e5447d3cb013eb29033,1500,na,1898,,lts,vas
2024-03-01 08:16:57,2024-03-01 08:21:43,0,193.204.11.38,100,286,1,2024-03-01 08:21:44,R_1q8KYCB5slJnQbf,,,,,43.1378,13.063,anonymous,EN,1,,1,3,2,,29,9,24,12,3,,2,,5ff1902e9bca6f57cdff2447,2500,na,32437,"I WILL SEE IF BY CHANGING THE SLIDE IU CAN MAKE THE DATA LOOK ""SUFFIENTLY CLOSE"" TO THE ORIGINAL DATA ",stl,random
2024-03-01 08:17:10,2024-03-01 08:21:53,0,80.114.28.78,100,283,1,2024-03-01 08:21:54,R_7CJbaXWlxVCMxOM,,,,,53.2264,6.5828,anonymous,EN,1,2,,3,1,,29,6,8,4,2,,3,,65637d5cb93a2dea956ef651,750,na,9611,does the ellipse exist? Is the spread around the ellipse uniform enough.,lts,blue
2024-03-01 08:19:20,2024-03-01 08:21:58,0,159.205.69.4,100,157,1,2024-03-01 08:21:59,R_79gnI1TsYrI88N0,,,,,52.3742,16.8826,anonymous,EN,1,2,,2,1,,24,3,1,0,1,,3,No,5bfe92adaa5fa30001369e01,2000,1600,na,"<font style=""vertical-align: inherit;""><font style=""vertical-align: inherit;"">I dont have strategy</font></font>",lts,outlier
2024-03-01 08:19:04,2024-03-01 08:22:00,0,86.19.161.37,100,175,1,2024-03-01 08:22:01,R_7fqwFgxmpAQJW3u,,,,,52.5678,1.662,anonymous,EN,1,2,,3,2,,25,6,1,0,0,0,2,no,6400e5057635b91fbfeafd20,200,na,9611,,lts,maxmin
2024-03-01 08:16:56,2024-03-01 08:22:01,0,201.110.200.216,100,305,1,2024-03-01 08:22:01,R_5andbeADhYLJmTf,,,,,19.5129,-99.2366,anonymous,EN,1,,2,2,2,,44,6,0,0,0,0,2,,6106eefd02a24910712c201b,750,1600,32437,,stl,random
2024-03-01 08:19:54,2024-03-01 08:22:02,0,37.189.129.113,100,127,1,2024-03-01 08:22:02,R_2cxI5Avkar6smeB,,,,,39.9177,-8.6328,anonymous,EN,1,,1,3,1,,30,2,0,0,6,0,3,,5f8825d4938a85280f506a83,2000,1400,32437,,stl,outlier
2024-03-01 08:19:35,2024-03-01 08:22:05,0,130.89.104.135,100,150,1,2024-03-01 08:22:06,R_7hmEaKJNSeTQL8F,,,,,52.2292,6.9134,anonymous,EN,1,,2,3,2,,21,6,1,1,0,,2,,606c7b5caf5c8d5bb9cb7c94,500,na,32437,this is somewhat confusing,stl,random
2024-03-01 08:18:19,2024-03-01 08:22:06,0,158.38.204.226,100,227,1,2024-03-01 08:22:06,R_1YAlsUXyaVN5nTg,,,,,61.1408,10.4388,anonymous,EN,1,,1,2,1,,26,7,0,0,0,0,2,,6089aa8120d7418a70f3eba7,200,na,9611,I wanted to find a circle shape surrounding the other more pressed shape.,stl,outlier
2024-03-01 08:17:48,2024-03-01 08:22:07,0,130.43.109.164,100,259,1,2024-03-01 08:22:08,R_2Kw0XjNkeKGlyDy,,,,,37.9842,23.7353,anonymous,EN,1,2,,3,1,,28,7,0,0,0,0,2,No.,5d49e19008bee60018f4ec9a,1000,na,2848,,lts,vas
2024-03-01 08:19:37,2024-03-01 08:22:14,0,165.225.198.196,100,156,1,2024-03-01 08:22:14,R_83Ty40LRd8ul8iu,,,,,53.4788,-2.2585,anonymous,EN,1,,2,2,2,,27,3,0,0,5,,3,,616afbc8492bc24f909b4434,1000,na,32437,,stl,blue
2024-03-01 08:18:08,2024-03-01 08:22:24,0,84.2.210.66,100,256,1,2024-03-01 08:22:25,R_1lfvewgBcTT1oR2,,,,,47.5636,19.0947,anonymous,EN,1,,1,2,1,,30,7,0,3,0,0,3,no,65747f77f086414ca27765a9,1500,na,1898,,stl,random
2024-03-01 08:18:45,2024-03-01 08:22:31,0,193.11.160.228,100,225,1,2024-03-01 08:22:31,R_1NJ1ZhTmCxykXza,,,,,58.3937,13.8463,anonymous,EN,1,2,,3,2,,21,2,1,0,1,,2,,6107ca62e9040e3847a1bd17,500,na,na,,lts,blue
2024-03-01 08:12:06,2024-03-01 08:22:32,0,186.172.147.94,100,625,1,2024-03-01 08:22:32,R_6ZD1enWqirewI9M,,,,,-33.4521,-70.6536,anonymous,EN,1,2,,2,2,,35,3,3,0,4,,3,It was entertaining. I liked,5f10fab7226aaf44e626a66b,1000,na,14416,The strategy I used was to move the cursor from one side to the other and compare each image with the original.,lts,blue
2024-03-01 08:18:01,2024-03-01 08:22:35,0,105.245.16.64,100,274,1,2024-03-01 08:22:35,R_7MSEaTR4Q0eNygJ,,,,,-26.2309,28.0583,anonymous,EN,1,,1,3,1,,20,2,1,0,0,,2,no,64f3371577d48ca1a8928814,500,na,32437,try to make it look as similar as possible,stl,vas
2024-03-01 08:18:08,2024-03-01 08:22:41,0,164.8.190.150,100,273,1,2024-03-01 08:22:42,R_1iBZrglBFndGQLx,,,,,46.3381,15.427,anonymous,EN,1,2,,2,2,,23,2,0,0,0,5 years of college,3,,61085764a061b0e293ca2ca1,750,na,4271,I looked at the photo back and forth while sliding the slider,lts,random
2024-03-01 08:18:46,2024-03-01 08:22:42,0,90.195.229.7,100,235,1,2024-03-01 08:22:42,R_4C8WCaKM8yufgns,,,,,52.4064,-1.5082,anonymous,EN,1,2,,3,2,,47,7,1,1,22,,3,,5874022fa763c900011d9ab7,1500,na,6407,,lts,random
2024-03-01 08:18:26,2024-03-01 08:22:44,0,5.29.198.41,100,257,1,2024-03-01 08:22:44,R_2qgGaAkFlaZO89p,,,,,32.0803,34.7805,anonymous,EN,1,,1,3,1,,26,2,0,0,0,1,2,No,5d02695334bace00012a468c,3000,na,na,I did not use anything,stl,outlier
2024-03-01 08:20:15,2024-03-01 08:22:45,0,46.205.209.1,100,149,1,2024-03-01 08:22:45,R_5qMi9BliW5zNn2x,,,,,52.2296,21.0067,anonymous,EN,1,,1,3,1,,29,7,,,,,2,,6567a903fa20e5d5b9ce2840,750,1600,32437,,stl,blue
2024-03-01 08:19:38,2024-03-01 08:22:46,0,146.90.10.80,100,188,1,2024-03-01 08:22:46,R_5ls239wVXyzESnE,,,,,53.0786,-1.2383,anonymous,EN,1,2,,2,2,,29,6,0,0,0,0,3,,637e81c7412aa8b5096fb176,750,na,32437,Found it very interesting to use the slider,lts,maxmin
2024-03-01 08:17:45,2024-03-01 08:22:48,0,196.250.216.27,100,303,1,2024-03-01 08:22:49,R_7BqXiW3S3LNxVNG,,,,,-29.1252,26.163,anonymous,EN,1,,2,3,1,,27,3,0,0,0,0,3,,5f3d63a8d956100fd3adf56d,3000,1600,14416,"I  will drag the slider until I see similarities. I am not sure when to stop, to be honest. ",stl,maxmin
2024-03-01 08:16:44,2024-03-01 08:22:49,0,89.114.133.171,100,365,1,2024-03-01 08:22:50,R_6v8kdwrdoMZqP6Z,,,,,38.7373,-9.1945,anonymous,EN,1,,2,2,2,,26,6,1,0,0,0,3,,60b8f3441ccfdef115097258,1000,1000,9611,I am just comparing both images,stl,vas
2024-03-01 08:15:21,2024-03-01 08:22:53,0,213.41.40.29,100,451,1,2024-03-01 08:22:53,R_6qdRbtxn9Devbeh,,,,,48.8538,2.5616,anonymous,EN,1,,1,3,1,,22,2,12,,,,2,,654fee1a1ca37dba60d26798,1500,na,21624,,stl,blue
2024-03-01 08:18:38,2024-03-01 08:22:54,0,89.150.139.134,100,255,1,2024-03-01 08:22:54,R_1czvHhKu9nXIlyF,,,,,55.6769,12.5268,anonymous,EN,1,2,,2,1,,28,6,1,3,8,0,3,No,57b0e125f89fc60001ae8115,1000,na,14416,No strategy,lts,vas
2024-03-01 08:13:53,2024-03-01 08:22:55,0,77.65.103.137,100,541,1,2024-03-01 08:22:55,R_1s7fNl39Su4in9o,,,,,52.3961,16.9851,anonymous,EN,1,2,,2,1,,32,7,0,2,10,0,3,,5eadcf624a9aaa4910e63adb,750,na,6407,I'm just trying to visualize the picture in my mind,lts,outlier
2024-03-01 08:12:33,2024-03-01 08:22:56,0,189.135.116.176,100,622,1,2024-03-01 08:22:56,R_7FQ93AJ67WRcUAU,,,,,20.0403,-102.3092,anonymous,EN,1,,1,2,2,,26,5,0,0,0,0,2,No,613a9833c9a297f3ac00743f,200,na,14416,I just chose the option that most closely resembles the original without distorting the sample.,stl,vas
2024-03-01 08:19:47,2024-03-01 08:23:02,0,84.90.244.247,100,195,1,2024-03-01 08:23:02,R_2THPVJpL8yJyN8o,,,,,38.6821,-9.162,anonymous,EN,1,,2,2,1,,22,3,0,0,0,0,2,,5f8310cc97a96f4484b0dbdc,200,1200,9611,just simple intuition,stl,maxmin
2024-03-01 08:19:13,2024-03-01 08:23:13,0,161.230.22.180,100,239,1,2024-03-01 08:23:13,R_4H0YvCd1rb8dp4J,,,,,41.5515,-8.4204,anonymous,EN,1,,2,2,2,,26,7,0,1,2,,3,no,5f63a183f422c50c4c81ef93,750,na,9611,not confusing,stl,blue
2024-03-01 08:16:44,2024-03-01 08:23:18,0,197.184.181.39,100,393,1,2024-03-01 08:23:18,R_5RqA3Zu6MT4ifyV,,,,,-25.7599,28.2604,anonymous,EN,1,,1,3,2,,26,6,0,0,0,0,3,,61504e85a1e23353a05dd8fa,2000,na,9611,I stopped when the sample shares enough features with the original,stl,maxmin
2024-03-01 08:17:15,2024-03-01 08:23:20,0,94.21.98.219,100,364,1,2024-03-01 08:23:21,R_4zIpKxYf9gahiVo,,,,,46.2527,20.154,anonymous,EN,1,1,,2,2,,21,2,2,0,0,0,2,,613c96251354a2ab1529c6f6,200,na,4271,I used just enough dots to see the shape,lts,outlier
2024-03-01 08:20:05,2024-03-01 08:23:23,0,109.178.136.27,100,197,1,2024-03-01 08:23:23,R_40vqYt8tHXnBBsT,,,,,37.9842,23.7353,anonymous,EN,1,,2,3,1,,23,6,0,0,0,0,2,,5e3965c2d8bc95176262043a,500,1600,na,,stl,outlier
2024-03-01 08:19:11,2024-03-01 08:23:24,0,89.64.150.236,100,253,1,2024-03-01 08:23:25,R_1D88itJ6FVVJzEL,,,,,54.412,18.6049,anonymous,EN,1,,2,3,2,,34,6,2,1,0,,2,,5d0d3c6c9193b80019e7f639,1500,1600,21624,Set the maximum and slowly tried to see the less and compare,stl,vas
2024-03-01 08:18:57,2024-03-01 08:23:27,0,37.225.12.66,100,270,1,2024-03-01 08:23:28,R_7CHBgVRcm2Lqbcm,,,,,51.7248,19.4633,anonymous,EN,1,,1,2,2,,23,2,0,0,0,0,2,,5f8c9d876245d7429d7f86b1,2000,na,21624,,stl,outlier
2024-03-01 08:19:47,2024-03-01 08:23:31,0,194.140.232.254,100,223,1,2024-03-01 08:23:31,R_8czmJosmHDkbgLM,,,,,38.7373,-9.1945,anonymous,EN,1,,1,3,2,,25,6,2,0,0,0,3,,5e7b778f5c17541742c0bf2c,1000,1600,32437,,stl,blue
2024-03-01 08:17:12,2024-03-01 08:23:34,0,200.104.206.218,100,382,1,2024-03-01 08:23:35,R_6HZlHiiqbwOrHfz,,,,,-33.4521,-70.6536,anonymous,EN,1,,1,3,2,,41,3,1,0,0,0,3,,651ac021a16dfdd97d178bda,1500,na,na,"none of the samples plot well the ""elliptical"" concentration in the center seen in the reference.",stl,vas
2024-03-01 08:19:59,2024-03-01 08:23:35,0,85.139.202.194,100,215,1,2024-03-01 08:23:36,R_62m3svgP4KqftsQ,,,,,38.7023,-8.9793,anonymous,EN,1,,1,3,1,,22,3,0,0,1,0,2,,6022fb51de05da1008b5c5fb,1500,na,na,I visually compared the two graphs,stl,maxmin
2024-03-01 08:18:54,2024-03-01 08:23:35,0,217.171.61.178,100,281,1,2024-03-01 08:23:36,R_4HGBwuWvCXrYhUZ,,,,,54.6037,18.2503,anonymous,EN,1,2,,2,1,,22,3,0,0,0,0,2,,60f43e6b7d7ec5235ccbe7e3,500,400,563,Until I couldn't recognise that there is mean  to be a circle,lts,blue
2024-03-01 08:18:13,2024-03-01 08:23:36,0,176.93.251.127,100,323,1,2024-03-01 08:23:37,R_5fCOqG2DedS4ibF,,,,,60.1797,24.9344,anonymous,EN,1,2,,2,1,,53,3,6,0,27,,3,-,6151dbe0fb52b4b4bb5d5c32,2000,na,na,Sample has more data points outside the center than the original.,lts,maxmin
2024-03-01 08:20:38,2024-03-01 08:23:38,0,178.37.72.162,100,180,1,2024-03-01 08:23:39,R_1fcSDg7tNpcNPX7,,,,,51.1043,17.0335,anonymous,EN,1,,1,2,2,,59,2,1,0,0,0,3,,5f68faf9dacf470c0a0492b3,750,na,32437,I looked at the whole picture to determine whether my brain is able to extrapolate the sample picture to the original picture,stl,blue
2024-03-01 08:19:47,2024-03-01 08:23:49,0,46.189.146.77,100,241,1,2024-03-01 08:23:49,R_8C9U9oOUXDLtaqB,,,,,38.8275,-9.1183,anonymous,EN,1,2,,2,2,,23,6,1,0,0,,2,,5b7af290db11320001c3ff1d,1500,na,9611,When more dots started to appear,lts,maxmin
2024-03-01 08:18:49,2024-03-01 08:23:49,0,163.62.112.77,100,300,1,2024-03-01 08:23:49,R_4ZGjM9TadGhbdaF,,,,,48.8582,2.3387,anonymous,EN,1,,2,2,1,,40,9,0,1,1,0,3,,60eebba89f75b48fc7c819a8,1500,800,6407,,stl,maxmin
2024-03-01 08:19:11,2024-03-01 08:23:50,0,46.205.192.73,100,279,1,2024-03-01 08:23:51,R_2GcAovNWyDEktwV,,,,,52.2296,21.0067,anonymous,EN,1,,2,2,1,,23,6,36,0,0,,2,,5f53ae52d4e1e30964f5878f,2000,na,21624,,stl,vas
2024-03-01 08:19:15,2024-03-01 08:24:00,0,89.152.202.43,100,284,1,2024-03-01 08:24:00,R_5AL8PS5fv3Cu2rr,,,,,41.0072,-8.6475,anonymous,EN,1,2,,2,1,,27,6,0,1,9,,2,,610d97ed406cb5e7dfc695ae,200,na,375,I dragged the slider until I stop seeing the original.,lts,outlier
2024-03-01 08:17:11,2024-03-01 08:24:03,0,88.127.7.5,100,411,1,2024-03-01 08:24:03,R_2n8jMy4bQx8kHaW,,,,,50.5983,3.0875,anonymous,EN,1,,2,2,2,,26,6,0,1,0,,2,,60fd6208d487d6e8bbc5d36c,2000,na,14416,"I focused on how dark the center was in comparison to the outside, rather than the overall size of the ""mass""",stl,maxmin
2024-03-01 08:18:05,2024-03-01 08:24:03,0,201.137.196.133,100,358,1,2024-03-01 08:24:04,R_7hMhVCJX9VE82uZ,,,,,19.3044,-99.1759,anonymous,EN,1,1,,3,2,,25,7,,,3,,2,I was interested but i dont find the information to be more related,5e3352b4334b2131feaf8dbb,2000,1400,9611,,lts,random
2024-03-01 08:18:05,2024-03-01 08:24:05,0,62.74.9.49,100,360,1,2024-03-01 08:24:05,R_6i9TnZWmQAGmYag,,,,,37.9842,23.7353,anonymous,EN,1,,2,3,2,,34,7,0,0,0,0,3,The box in which I was supposed to write the response wasn't clickable- it woudn't allow me to type anything,5d6ff29b6fa93a001d61fc06,3000,na,na,,stl,vas
2024-03-01 08:20:01,2024-03-01 08:24:08,0,91.150.164.66,100,246,1,2024-03-01 08:24:08,R_8zTiqgcUSkVDXnf,,,,,50.0687,22.2294,anonymous,EN,1,1,,2,1,,24,4,1.5,3.5,0,,2,,5e89fb7c1ffebe0116d1ea29,2000,1600,32437,the biggest concentration in the middle,lts,random
2024-03-01 08:18:35,2024-03-01 08:24:11,0,79.184.230.22,100,336,1,2024-03-01 08:24:11,R_5tDVzPVpVeM8pei,,,,,51.2419,22.564,anonymous,EN,1,2,,2,1,,26,7,0,0,0,0,2,,5ecd7b06a1a9170e7806f51e,750,na,na,,lts,vas
2024-03-01 08:19:49,2024-03-01 08:24:14,0,93.108.179.199,100,264,1,2024-03-01 08:24:15,R_8CgCjlTeR3CyiIM,,,,,41.2034,-8.6022,anonymous,EN,1,1,,3,2,,23,6,1,1,0,,3,,60d1f817a8c232158bd373b3,200,200,na,it doesnt look the same,lts,maxmin
2024-03-01 08:20:56,2024-03-01 08:24:15,0,2.83.85.75,100,199,1,2024-03-01 08:24:15,R_6bI6HRjW9PYZcKH,,,,,41.6929,-8.8391,anonymous,EN,1,,1,3,1,,30,6,3,1,1,,2,,60e8923aa3b47ab8b0ad9d22,3000,1600,14416,I just tried to find the one that looked the closest to the original,stl,maxmin
2024-03-01 08:18:32,2024-03-01 08:24:23,0,189.142.129.182,100,351,1,2024-03-01 08:24:23,R_1339TjJPtYhTsGA,,,,,20.1192,-98.7327,anonymous,EN,1,,1,3,2,,44,7,3,3,20,,2,,5fc8088906bd7a10c6eced41,500,800,32437,,stl,blue
2024-03-01 08:20:21,2024-03-01 08:24:28,0,186.189.92.158,100,247,1,2024-03-01 08:24:29,R_3RYXAuQUnq8ZxER,,,,,-33.4521,-70.6536,anonymous,EN,1,,2,2,1,,33,7,2,0,0,0,3,,5e96195dd7dbe00939d9f042,750,na,32437,"I was guided by the resemblance of the sample to the original, varying as little as possible.",stl,outlier
2024-03-01 08:18:10,2024-03-01 08:24:28,0,85.221.151.15,100,378,1,2024-03-01 08:24:29,R_11FwZIRftdVvmpO,,,,,52.3939,16.891,anonymous,EN,1,2,,3,2,,21,2,4,0,0,,3,this survey was confusing,5fac05059260290f1f1d98ae,500,na,14416,It is hard to find it similar,lts,maxmin
2024-03-01 08:19:38,2024-03-01 08:24:30,0,193.136.60.226,100,291,1,2024-03-01 08:24:30,R_70oHu9Ex70RiJ7r,,,,,41.1691,-8.6793,anonymous,EN,1,1,,2,1,,23,6,0,1,0,,3,,609eff98a4cb6c1e1664cb98,750,na,250,When I think the key pattern is no longer visible,lts,random
2024-03-01 08:19:25,2024-03-01 08:24:31,0,95.92.48.50,100,305,1,2024-03-01 08:24:31,R_54GG2fxb4QNVykb,,,,,38.752,-9.2279,anonymous,EN,1,,1,2,2,,50,5,16,4,23,0,2,,60254506dee01c0432ff5788,3000,1600,na,,stl,outlier
2024-03-01 08:20:19,2024-03-01 08:24:40,0,187.191.36.140,100,261,1,2024-03-01 08:24:41,R_6bnhCrtOgfY4qKR,,,,,19.3837,-99.1757,anonymous,EN,1,2,,2,2,,30,6,0,0,0,0,2,,5ecc71c95c92c2000a9e9a19,750,na,2848,I focused on the main oval shape in the center.,lts,outlier
2024-03-01 08:18:44,2024-03-01 08:24:41,0,152.110.64.96,100,356,1,2024-03-01 08:24:41,R_4futHNn9MkFtur9,,,,,-33.9249,18.4267,anonymous,EN,1,2,,1,1,,21,2,0,0,0,,2,Make it more fun so people can understand it a bit better,6132965ccc912bb9b4a5c3e5,500,200,563,,lts,blue
2024-03-01 08:20:20,2024-03-01 08:24:43,0,89.115.150.206,100,262,1,2024-03-01 08:24:43,R_21AgRAkdPJ2pqsM,,,,,38.7373,-9.1945,anonymous,EN,1,,1,3,2,,39,9,4,2,12,0,3,it was a bit confusing... the graphics with the dots.... I'm not convinced that the correct answer was B,5a9ea68a35237b000112b83a,1000,na,na,visual comparison between the original and the sample figures,stl,random
2024-03-01 08:21:20,2024-03-01 08:24:43,0,178.85.107.18,100,202,1,2024-03-01 08:24:43,R_1D19YZvmdQdctQk,,,,,52.3426,4.8631,anonymous,EN,1,2,,2,2,,30,7,1,1,3,0,2,,656895b5c465bf437c6d4772,1500,na,9611,,lts,vas
2024-03-01 08:20:09,2024-03-01 08:24:45,0,188.80.248.84,100,275,1,2024-03-01 08:24:46,R_6G7CCgJOFXnexRe,,,,,41.5515,-8.4204,anonymous,EN,1,,1,3,2,,29,2,0,0,10,0,2,,64b4191d97bde99254ebaa63,200,1600,32437,Until the sample looked similar enough to the original,stl,random
2024-03-01 08:19:29,2024-03-01 08:24:46,0,189.203.101.26,100,316,1,2024-03-01 08:24:46,R_1fZtcUwTykdxE11,,,,,19.4688,-99.054,anonymous,EN,1,,1,3,1,,27,7,1,1,0,,3,,615ddb0c6adce920fbb53a2d,1500,na,9611,Looked for the sample that began to capture the line that was inside the circle,stl,maxmin
2024-03-01 08:18:36,2024-03-01 08:24:48,0,90.53.66.196,100,372,1,2024-03-01 08:24:49,R_3Mhb4b7hkfjmZHZ,,,,,49.2159,1.1723,anonymous,EN,1,1,,2,1,,33,7,1,1,0,0,2,,5e204d9793a68935c36f8f69,1000,na,32437,I tried to capture the essence of the original chart by removing enough data.,lts,outlier
2024-03-01 08:19:11,2024-03-01 08:24:49,0,185.186.86.140,100,337,1,2024-03-01 08:24:49,R_47Swqu0ClgKiRS9,,,,,37.9437,22.949,anonymous,EN,1,1,,2,1,,41,6,,2,,,2,no,601b154e1d236c48cb675d13,750,na,4271,"tried to match the main ""disc"" and the pattern around it ",lts,random
2024-03-01 08:20:07,2024-03-01 08:24:49,0,82.155.31.193,100,282,1,2024-03-01 08:24:50,R_5foHRpyKEunDNmj,,,,,40.9893,-7.6161,anonymous,EN,1,,2,2,3,,27,7,1,1,3,,3,,612610d67c8362f227b74c44,2000,na,2848,I stop when the darker area is highlighted.,stl,random
2024-03-01 08:20:46,2024-03-01 08:24:50,0,91.132.141.220,100,244,1,2024-03-01 08:24:51,R_4ZKw99k7tNIEtaL,,,,,40.6439,22.9358,anonymous,EN,1,,2,2,2,,24,7,2,1,0,,3,,61126cd00f29b7c648dca793,1500,na,32437,"Because it is almost completely red at the center, I tried to add as many samples as possible. ",stl,vas
2024-03-01 08:19:26,2024-03-01 08:24:54,0,93.42.25.202,100,328,1,2024-03-01 08:24:55,R_13UzYZpGbFbTjvQ,,,,,44.3915,8.945,anonymous,EN,1,2,,2,2,,39,3,0,0,0,GCSE statistics (A),3,The last question asked me to indicate my reasoning but there was no space to do so.,5ff7320620d7133805a3cac7,200,na,6407,,lts,maxmin
2024-03-01 08:20:03,2024-03-01 08:25:04,0,178.235.191.164,100,301,1,2024-03-01 08:25:05,R_8r7YatVkmyitF8z,,,,,52.8528,19.6677,anonymous,EN,1,,2,2,1,,31,2,0,0,0,0,2,,5ba988cc4a16920001d48564,200,na,1898,general shape,stl,vas
2024-03-01 08:17:31,2024-03-01 08:25:08,0,197.92.141.5,100,457,1,2024-03-01 08:25:08,R_4mWQiUrdcoyqAr3,,,,,-33.91,18.4304,anonymous,EN,1,,1,3,1,,26,3,1,0,5,,3,,6512b5180ab541a0603e7ada,2500,na,14416,looked for the red circle in the original sample,stl,maxmin
2024-03-01 08:19:35,2024-03-01 08:25:08,0,176.21.23.115,100,332,1,2024-03-01 08:25:09,R_1lFTxkdiPcL9CnK,,,,,55.6883,12.5658,anonymous,EN,1,2,,2,1,,23,2,0,0,0,0,2,,652d560e571b3422cccf3398,500,na,14416,"Im trying to get the least amount af samples, but still recognise its the same as the original  ",lts,outlier
2024-03-01 08:18:36,2024-03-01 08:25:12,0,88.196.252.25,100,395,1,2024-03-01 08:25:12,R_8qEpIb4R5BJIGdQ,,,,,59.4381,24.7369,anonymous,EN,1,1,,3,2,,31,6,0,0,0,0,3,,5f42e037b2f15d1424da5187,750,na,na,"I believe that the place I chose on the slider at first – or the size I chose for the sample – gets lost ""in"" the original. At the same time, the big circle is nowhere to be found so I decided to click on the button – they aren't similar enough regarding the key elements.",lts,random
2024-03-01 08:20:43,2024-03-01 08:25:13,0,2.83.66.245,100,269,1,2024-03-01 08:25:13,R_4iGyI0Y73KLsqTT,,,,,39.0916,-9.2546,anonymous,EN,1,,1,3,1,,35,8,0,0,0,0,2,,5680a047c5767f00121cca5e,1000,na,6407,,stl,outlier
2024-03-01 08:20:21,2024-03-01 08:25:13,0,62.163.215.210,100,292,1,2024-03-01 08:25:14,R_7fqheNLOIfhSAXD,,,,,52.3712,4.9044,anonymous,EN,1,,1,3,1,,26,3,0,0,0,0,3,,5e48332993a649000b76c624,1500,na,1898,,stl,random
2024-03-01 08:20:58,2024-03-01 08:25:16,0,137.204.99.249,100,258,1,2024-03-01 08:25:17,R_8oLywTASeQ8PObE,,,,,44.488,11.3752,anonymous,EN,1,,1,2,2,,26,6,2,5,0,,2,,6564b209a9eb87f3136864d3,200,na,2848,,stl,vas
2024-03-01 08:17:18,2024-03-01 08:25:17,0,129.206.224.251,100,479,1,2024-03-01 08:25:18,R_87Js6XOrQLQlW86,,,,,49.5446,8.6711,anonymous,EN,1,,2,2,2,,31,9,1,1,5,,3,,65c00d6ac8e91b3051f395f5,2000,1600,21624,I actually go all the way to the end and start increasing till the features aren't visible anymore so I go a step back,stl,random
2024-03-01 08:18:23,2024-03-01 08:25:18,0,41.145.196.27,100,415,1,2024-03-01 08:25:18,R_1PFiFtIwp2wC9C7,,,,,-26.2309,28.0583,anonymous,EN,1,,2,3,2,,22,6,5,3,0,0,3,,614cdb7c656a74d46473e2ee,200,na,na,I go through every stopping point,stl,random
2024-03-01 08:18:44,2024-03-01 08:25:26,0,93.35.144.137,100,402,1,2024-03-01 08:25:27,R_1MLO5n3zesrSgsP,,,,,45.0914,7.6639,anonymous,EN,1,2,,2,1,,43,3,0,0,20,,2,,64ef4386a31700e2d88622c9,1500,na,na,No strategy was used to determine my stopping point,lts,outlier
2024-03-01 08:19:51,2024-03-01 08:25:31,0,197.184.177.51,100,339,1,2024-03-01 08:25:32,R_37rHihicaosQe7W,,,,,-26.2309,28.0583,anonymous,EN,1,1,,2,1,,23,6,1,0,2,,3,Nope.,61712d83af60f4d0702f606f,200,na,14416,Just eye-balled it.,lts,outlier
2024-03-01 08:22:12,2024-03-01 08:25:33,0,99.227.216.93,100,201,1,2024-03-01 08:25:34,R_5erC1a4RSPHy53F,,,,,43.7618,-79.2703,anonymous,EN,1,2,,2,2,,32,6,6,0,10,0,3,no,5ede0248fb2efb01451b2e77,1000,600,32437,I My strategy is to compare the centre and see what is the most similar before stopping,lts,outlier
2024-03-01 08:20:39,2024-03-01 08:25:37,0,95.92.90.42,100,297,1,2024-03-01 08:25:37,R_52Eoot7FBSNKMFQ,,,,,38.7674,-9.3301,anonymous,EN,1,1,,2,1,,19,2,0,0,0,,2,,60533e23d254f8d96ab11f7d,1000,800,2848,"Focused on the middle ""line"" in the center of the circle. As soon that line started fading I stoped.",lts,outlier
2024-03-01 08:19:20,2024-03-01 08:25:43,0,176.78.27.55,100,382,1,2024-03-01 08:25:44,R_505JguFhZVc841j,,,,,38.7584,-9.2495,anonymous,EN,1,2,,2,3,,30,4,0,0,0,,2,,5ca08267441b4700179b38d9,1000,na,2848,i think it is correct,lts,blue
2024-03-01 08:19:42,2024-03-01 08:25:47,0,165.73.69.76,100,365,1,2024-03-01 08:25:48,R_8wS4VQGsyunqAQi,,,,,-29.9056,30.9405,anonymous,EN,1,,2,3,2,,28,6,1,1,3,,2,,60ee0a655b232159b7abcbbd,1000,1600,844,i use the outlier dots to determine similarity,stl,blue
2024-03-01 08:20:12,2024-03-01 08:25:49,0,148.63.139.124,100,336,1,2024-03-01 08:25:49,R_4PQifJQbkLaEgGl,,,,,40.8686,-8.5145,anonymous,EN,1,,1,2,1,,27,7,3,1,0,,2,,5e7d1ad43c00ce3a395d2de9,1000,na,4271,I wanted to make sure that the sample size demosntrated the bigger aggregation in the center of the circle,stl,maxmin
2024-03-01 08:19:10,2024-03-01 08:25:50,0,94.132.6.70,100,399,1,2024-03-01 08:25:50,R_2VmCgpomHB43xue,,,,,40.6642,-7.9072,anonymous,EN,1,,2,2,1,,27,7,0,2,5,0,3,Nothing to mention,60dbb3bf9cc8b9398aedb1e6,1500,na,32437,Increase the number of points as much as possible to accentuate the points in the central ellipse and have more points around it too,stl,blue
2024-03-01 08:19:48,2024-03-01 08:25:51,0,190.82.175.173,100,363,1,2024-03-01 08:25:52,R_18YSFhFKbyeEurK,,,,,-33.6141,-70.5893,anonymous,EN,1,,1,3,1,,28,3,1,1,0,0,3,"the first example of samples, didnt work as they should, slider didnt change when moved",5edae63453d0d5000db3ca8e,1500,na,na,checking the slider one by one,stl,vas
2024-03-01 08:20:53,2024-03-01 08:25:56,0,90.60.58.127,100,303,1,2024-03-01 08:25:57,R_3YgPoSr4GT3ggkq,,,,,48.8232,2.278,anonymous,EN,1,,2,2,1,,31,7,3,7,0,,3,,65ca6be0547cf2d7404e6b4a,500,200,14416,,stl,random
2024-03-01 08:16:57,2024-03-01 08:26:05,0,82.217.19.211,100,548,1,2024-03-01 08:26:06,R_7V86kcgWTghkgvs,,,,,51.5774,5.1909,anonymous,EN,1,1,,2,1,,27,6,0,0,0,0,2,,65ce1aa566a55d5c5394c7fc,750,400,9611,The sigar shape in the middle is the most important,lts,blue
2024-03-01 08:21:01,2024-03-01 08:26:08,0,130.25.88.166,100,307,1,2024-03-01 08:26:09,R_4Hx5xeYfJSZJXln,,,,,45.0914,7.6639,anonymous,EN,1,2,,2,1,,61,2,0,0,0,,2,,64a6a47b187bb6d0ad42643e,1000,na,na,,lts,random
2024-03-01 08:19:58,2024-03-01 08:26:18,0,80.43.209.16,100,380,1,2024-03-01 08:26:19,R_8fIu7hWO4jNwTgl,,,,,52.7061,-2.0061,anonymous,EN,1,2,,2,2,,56,4,0,0,0,0,3,,5d5334fa962bb7001bc3fa2f,750,na,21624,I wasn't entirely sure about the sphere in the original not showing on the sample,lts,vas
2024-03-01 08:20:07,2024-03-01 08:26:22,0,154.119.57.59,100,374,1,2024-03-01 08:26:23,R_88TGWe0JVav4jUA,,,,,-33.91,18.4304,anonymous,EN,1,,1,3,2,,20,2,3,0,0,,2,,6124c375109ed10432fa2114,1000,1600,32437,I slid the slider to look as similar enough to the original,stl,maxmin
2024-03-01 08:22:02,2024-03-01 08:26:23,0,41.76.102.146,100,260,1,2024-03-01 08:26:23,R_5o0bSrSIUWgncYZ,,,,,-26.2309,28.0583,anonymous,EN,1,2,,3,2,,37,6,1,,,,2,,612f71a527826680150e9ccf,1000,1200,na,,lts,random
2024-03-01 08:17:49,2024-03-01 08:26:25,0,41.216.204.17,100,515,1,2024-03-01 08:26:25,R_3spjDWCYi93YWvt,,,,,-34.0486,18.4811,anonymous,EN,1,,1,3,1,,23,6,2,,,,3,,615cc11e1f9805f0282b1b12,500,na,14416,The mid point has a similar enough distribution to the population,stl,random
2024-03-01 08:20:24,2024-03-01 08:26:32,0,176.171.207.123,100,367,1,2024-03-01 08:26:32,R_6rCoElDCHZ29miw,,,,,43.7381,-0.654,anonymous,EN,1,,1,2,1,,23,5,0,2,0,0,2,I'm interested in more studies ,6595772c8f9cbbad0f83199d,3000,na,na,Felt like i couldn't have as much points in the middle so I just did it instinctly,stl,vas
2024-03-01 08:19:49,2024-03-01 08:26:34,0,88.214.186.113,100,405,1,2024-03-01 08:26:35,R_2C9IDB9E4E0zZjs,,,,,38.752,-9.2279,anonymous,EN,1,2,,2,1,,30,7,0,0,0,0,3,,600070950d0c1d0e2266a4ff,750,400,4271,I tried to find the smallest sample size that could still be related with the original. ,lts,maxmin
2024-03-01 08:19:23,2024-03-01 08:26:37,0,95.136.48.100,100,433,1,2024-03-01 08:26:37,R_7emkHdPmsYhaaLY,,,,,38.7373,-9.1945,anonymous,EN,1,,2,2,1,,25,7,1,1,3,0,3,,5f1f4497da321e111475a32e,1500,1600,32437,none of the samples enable enough to depict the right correlation,stl,outlier
2024-03-01 08:18:37,2024-03-01 08:26:39,0,196.216.133.12,100,482,1,2024-03-01 08:26:40,R_1uy7dYqFLIqlbBb,,,,,-26.1516,26.1707,anonymous,EN,1,2,,2,1,,26,6,2,0,5,,3,,6105cde05e18eeaa7cc8b24f,1000,na,na,"I realised that it's a bit tricky, the samples are similer but not entirely.",lts,vas
2024-03-01 08:17:12,2024-03-01 08:26:48,0,195.220.223.244,100,575,1,2024-03-01 08:26:49,R_3e7wP7Ru2ChxT3z,,,,,46.5874,0.3332,anonymous,EN,1,2,,2,3,,28,7,3,0,0,0,2,"I couldn't write anything on the page where it was asked to explain our potential strategy. I would have like to write : ""I'm not used to statistics and data, so I'm relying on visuals and forms. I try to discern the main form of the graph and keep it visible.""",5761654ab8a48000064fcf48,2500,na,32437,,lts,outlier
2024-03-01 08:20:15,2024-03-01 08:26:58,0,62.48.181.90,100,402,1,2024-03-01 08:26:58,R_4VIR7vrEyFlS45a,,,,,38.7373,-9.1945,anonymous,EN,1,1,,2,2,,28,7,2,1,0,0,2,,59d686325606100001c25ef0,200,600,na,the sample has a similar context but more pattern,lts,vas
2024-03-01 08:19:41,2024-03-01 08:27:02,0,41.246.24.1,100,440,1,2024-03-01 08:27:02,R_6JP0wSpgk9jRTCP,,,,,-29.6177,30.3835,anonymous,EN,1,,1,2,1,,28,6,0,0,0,0,2,,5de60f418f5cd559c333199c,2000,na,14416,I tried to get the middle area as dense as possible without going too far ,stl,maxmin
2024-03-01 08:20:46,2024-03-01 08:27:03,0,165.16.185.200,100,377,1,2024-03-01 08:27:04,R_4IW4eEzVqaSHnRA,,,,,-26.2309,28.0583,anonymous,EN,1,,1,3,2,,38,3,0,0,0,0,2,,60f672ca5ca3b52915f16c9d,2000,na,32437,,stl,blue
2024-03-01 08:19:09,2024-03-01 08:27:04,0,37.228.210.185,100,474,1,2024-03-01 08:27:05,R_4IAUjjheVQr5ejl,,,,,53.3339,-6.2271,anonymous,EN,1,,2,2,1,,27,7,1,1,0,,3,,5e74cb0789165f0127b36764,1000,na,9611,"When choosing the stopping point, it looks like at this level it refelcts the ellipsis-shaped distribution of points we can see in the original",stl,maxmin
2024-03-01 08:21:01,2024-03-01 08:27:04,0,147.32.31.192,100,363,1,2024-03-01 08:27:05,R_6kCjG3pHJ8U4Fbk,,,,,50.1023,14.3568,anonymous,EN,1,2,,2,1,,37,7,2,1,0,0,3,,6169622165c889aa8a809107,1500,na,2848,It should show the spread of points,lts,blue
2024-03-01 08:19:23,2024-03-01 08:27:06,0,109.157.173.0,100,463,1,2024-03-01 08:27:07,R_4hGUqfOEfXjWWB5,,,,,51.4771,-2.5531,anonymous,EN,1,1,,2,2,,43,4,0,0,25,0,3,,5c4713d5259d2d0001875b16,200,400,14416,I went back and forth to check the sample was the one before it looked different,lts,maxmin
2024-03-01 08:20:53,2024-03-01 08:27:15,0,83.27.149.161,100,381,1,2024-03-01 08:27:16,R_5OTkHnKVCvCKlik,,,,,50.2527,19.0284,anonymous,EN,1,2,,2,2,,22,6,1,0,3,,2,,5f1ea62ffe31fc8813eba0e6,500,na,9611,"I found a place where the points in the very center began to visibly accumulate inside, as in the original graph",lts,maxmin
2024-03-01 08:20:37,2024-03-01 08:27:40,0,197.221.255.97,100,423,1,2024-03-01 08:27:41,R_61mIelWgxWBWvvZ,,,,,-17.815,31.0478,anonymous,EN,1,2,,2,2,,27,6,4,3,0,0,3,No.,6137569844b6e14afa9cb3e7,200,na,na,I found nothing interesting nor confusing.,lts,maxmin
2024-03-01 08:18:15,2024-03-01 08:27:55,0,176.46.65.144,100,580,1,2024-03-01 08:27:56,R_4cZCCePLuBfXXIz,,,,,58.3794,26.7322,anonymous,EN,1,,2,2,2,,38,6,1,2,0,,3,na,5c741a67566c7700173ed014,500,na,32437,,stl,vas
2024-03-01 08:20:49,2024-03-01 08:27:55,0,197.184.182.141,100,425,1,2024-03-01 08:27:56,R_3F23Y9UGBlJ7jCc,,,,,-26.2309,28.0583,anonymous,EN,1,2,,3,1,,32,3,2,0,8,3,3,,614397e06d85fcb10c7c9087,750,na,4271,Focused on the posirioning of the inner drawings,lts,vas
2024-03-01 08:16:14,2024-03-01 08:28:00,0,147.161.162.247,100,706,1,2024-03-01 08:28:01,R_4E6LiJ7uAsxKMK2,,,,,-26.2309,28.0583,anonymous,EN,1,2,,2,1,,24,6,20,9,1,,2,,610d54023434a8659a4576dc,750,na,6407,When there are fewer and fewer points that describe the direction of the points then I discard them,lts,blue
2024-03-01 08:20:39,2024-03-01 08:28:27,0,188.37.83.252,100,468,1,2024-03-01 08:28:28,R_4B6nNgMKoYUxRzX,,,,,41.1384,-8.6168,anonymous,EN,1,1,,2,2,,25,6,0,0,0,,3,,613b697a806b46edd8fe4720,2000,400,6407,I stopped when the red oval was no longer visible.,lts,blue
2024-03-01 08:23:17,2024-03-01 08:28:39,0,197.99.132.65,100,322,1,2024-03-01 08:28:39,R_42tcr1oQUh6wDsf,,,,,-26.2309,28.0583,anonymous,EN,1,,2,3,2,,25,5,1,1,3,,3,,6167d795d6dd1c505c4e248b,3000,na,na,to check thec first one,stl,outlier
2024-03-01 08:20:44,2024-03-01 08:28:40,0,184.161.117.231,100,475,1,2024-03-01 08:28:40,R_6Tn4YzmodVGlsuN,,,,,47.6398,-68.8592,anonymous,EN,1,1,,2,2,,40,6,13,4,10,0,3,,6106d4fa7d45bf8ad635234f,750,na,9611,I tried to keep the representation of the circle around the ellipsoid with as few points as possible,lts,random
2024-03-01 08:20:03,2024-03-01 08:28:45,0,2.31.220.237,100,521,1,2024-03-01 08:28:46,R_8gNhWX4lGsQ3exv,,,,,51.8951,-1.1585,anonymous,EN,1,1,,2,2,,33,6,0,0,0,,3,I don't think the instructions were very clear as the phrasing was quite different on the first question as to when you asked what the task actually was.,6064e5d663dd954062fdd23d,750,600,844,There is a thicker long shape running through the circular solid block of dots in the original. I chose the sample where this long shape was still visible. I don't think the language used in the instructions was very clear on the first samples.,lts,blue
2024-03-01 08:22:14,2024-03-01 08:28:54,0,176.139.249.132,100,400,1,2024-03-01 08:28:54,R_4TEO6mOIb2N8jZw,,,,,48.8323,2.4075,anonymous,EN,1,,2,2,2,,25,7,10,6,2,,2,,65a2c77525b0569bdc0c8306,200,600,9611,I stop once the sample can capture the pattern of the original graph,stl,random
2024-03-01 08:24:41,2024-03-01 08:29:05,0,89.214.120.230,100,263,1,2024-03-01 08:29:06,R_22yXX4NLAGKBZsE,,,,,38.7373,-9.1945,anonymous,EN,1,2,,2,2,,21,3,1,0,5,,2,,611fbf86423c9a875559377d,1000,800,2848,I check to see if its to little ,lts,blue
2024-03-01 08:17:34,2024-03-01 08:29:37,0,41.216.204.57,100,722,1,2024-03-01 08:29:37,R_1RazK6445CQRHmf,,,,,-34.0486,18.4811,anonymous,EN,1,2,,3,2,,28,6,5,5,4,0,3,,60cb97042a38cbb970cb4cc9,200,na,na,"I decreased, but the shape did not look similar. ",lts,maxmin
2024-03-01 08:21:04,2024-03-01 08:29:41,0,41.10.14.209,100,516,1,2024-03-01 08:29:42,R_41YCxC7U6Bf7fI5,,,,,-33.91,18.4304,anonymous,EN,1,,2,3,2,,23,3,2,0,0,0,2,,6127ae90d4e84d4658a04b7d,1500,1600,14416,I stopped sliding when the sample had the same shape as the original but with fewer data points.,stl,outlier
2024-03-01 08:21:08,2024-03-01 08:29:47,0,95.248.120.86,100,519,1,2024-03-01 08:29:48,R_4aWbIpunh29udZt,,,,,43.715,13.2135,anonymous,EN,1,2,,2,1,,34,6,1,0,0,0,3,,614efd595bcde57c73d0ecf7,1500,na,14416,I checked if between the centre and the fringes of the data there was enough difference to pass the different density,lts,vas
2024-03-01 08:23:51,2024-03-01 08:30:32,0,91.231.169.154,100,400,1,2024-03-01 08:30:33,R_4gO2lf29EuGTyP0,,,,,50.5871,21.6991,anonymous,EN,1,,2,2,1,,22,2,0,0,4,,2,,5f6e0be76cea482e27d38c95,3000,800,9611,I just want it to resamble the original with the least amount of dots.,stl,blue
2024-03-01 08:16:42,2024-03-01 08:30:51,0,82.209.142.139,100,849,1,2024-03-01 08:30:52,R_3cazNKQZynMMhnb,,,,,59.3247,18.056,anonymous,EN,1,2,,2,1,,30,3,0,0,0.5,0,3,,65c4e6c8b80db7637e64a92f,750,na,14416,"The further the slide, the less crowded is the center of the chart to a point were it just show an spectrum spread across and not an specific zone being crowded.",lts,vas
2024-03-01 08:20:18,2024-03-01 08:31:43,0,187.190.197.105,100,685,1,2024-03-01 08:31:44,R_3Cy0RZcjWKH1JmC,,,,,20.6919,-103.4572,anonymous,EN,1,1,,2,1,,26,6,0,0,0,0,2,,6155e324c9ecb68a99cdede9,500,na,375,The key pattern is the diagonal,lts,outlier
2024-03-01 08:19:40,2024-03-01 08:31:48,0,188.115.6.20,100,728,1,2024-03-01 08:31:49,R_6M6tT4ELmoNEi1r,,,,,49.7498,6.1661,anonymous,EN,1,1,,3,1,,55,2,0,0,5,0,3,"It is a very confusing survey, if it is the purpose you've achieved it.",5e370e451cdf2669586aa949,3000,na,na,"Yes, it was quite confusing, when i thought that i had understood the way it worked out, i was wrong again.",lts,random
2024-03-01 08:18:30,2024-03-01 08:32:47,0,95.95.83.170,100,857,1,2024-03-01 08:32:47,R_1QJRWPJ50Cco3nI,,,,,40.1684,-8.843,anonymous,EN,1,2,,2,1,,66,7,0,0,42,0,3,No,5f0f1189664be00562bb27c0,3000,na,na,"<font style=""vertical-align: inherit;""><font style=""vertical-align: inherit;"">Te formats are very different</font></font>",lts,random
2024-03-01 08:28:39,2024-03-01 08:33:03,0,81.77.185.251,100,264,1,2024-03-01 08:33:04,R_8Q4pzPmMwEcyCJq,,,,,51.6211,-3.3704,anonymous,EN,1,,2,3,1,,42,7,0,1,15,,2,I didn't really understand the purpose,5fea2970cbe0699d90756fd7,2000,na,na,It's similar in the sense that there is a dense array of points forming an oblong in the centre but there aren't enough points around it to make it similar enough to the original,stl,outlier
2024-03-01 08:20:48,2024-03-01 08:33:50,0,78.28.72.243,100,781,1,2024-03-01 08:33:50,R_2cqEY0RknZicXpb,,,,,59.4381,24.7369,anonymous,EN,1,,2,2,1,,28,3,0,0,0,,3,"I was on the fence wether to press the button or give a close enough answer - it felt like a button press answer would've been more accurate. At the end, I basically just coin flipped it and gave the close enough answer instead.",58e8e462a415a4000150c4da,200,na,6407,,stl,maxmin
2024-03-01 08:29:18,2024-03-01 08:33:55,0,94.62.59.110,100,276,1,2024-03-01 08:33:56,R_46b4ZsQR0lf0qGl,,,,,38.7373,-9.1945,anonymous,EN,1,,1,2,1,,28,7,2,1,1,,2,,5fb7e27bfec8e14167bddfef,2000,na,na,,stl,vas
2024-03-01 08:19:18,2024-03-01 08:47:45,0,94.62.130.1,100,1706,1,2024-03-01 08:47:46,R_5VIom5CdG6jwojM,,,,,38.7373,-9.1945,anonymous,EN,1,2,,2,2,,43,7,1,2,1,,2,"The last survey question wasn't completely clear. I selected on the slider, clicked save and next but wasn't sure if there would be more sliders I should select or not - I expected the page to go to next and show a different scenario. I hope that was what you expected, if not let me know and I can redo the survey. Thank you and best of luck",5e7bb30e3f9fe31d223a0f04,750,na,14416,,lts,random
2024-03-01 08:47:24,2024-03-01 08:52:42,0,187.134.123.98,100,317,1,2024-03-01 08:52:42,R_5hHboOFXdvTBN0G,,,,,25.8955,-109.1351,anonymous,EN,1,1,,2,2,,25,6,1,0,3,,2,,615bc2bfcbb7dff35fb83eb1,3000,1400,32437,make it look as similar as i can,lts,outlier
2024-03-01 09:16:03,2024-03-01 09:18:34,0,2.202.165.128,100,150,1,2024-03-01 09:18:34,R_38MDneaoStnfOk9,,,,,50.7996,8.7669,anonymous,EN,1,,2,2,2,,24,7,0,0,0,0,3,,63c5335da2b625ab1ade7e7c,2500,na,9611,All the other sizes don't have the diagonal galaxy in the middle,stl,maxmin
2024-03-01 09:15:47,2024-03-01 09:21:42,0,81.84.106.254,100,354,1,2024-03-01 09:21:43,R_2i4V4GnpjyVGTi9,,,,,38.812,-9.1536,anonymous,EN,1,,1,2,2,,25,7,0,5,1,,3,,65ce1efd8bc77b8f88da614d,750,na,2848,,stl,random
2024-03-01 09:34:42,2024-03-01 09:38:23,0,95.153.31.116,100,220,1,2024-03-01 09:38:23,R_7HMix1y1T2inpKd,,,,,59.4381,24.7369,anonymous,EN,1,2,,2,2,,47,2,0,0,15,,3,,64afa022cb6d2497bf0a9950,1500,na,9611,,lts,blue
2024-02-25 09:31:11,2024-02-25 09:32:48,0,84.158.93.72,100,97,1,2024-02-25 09:32:49,R_2l9LmwvvgLLyRxL,,,,,51.556,6.7337,anonymous,EN,1,,1.0,3,1,,33,7,1,1.0,15.0,,3,-,5dd5855018beb6544df7f797,2000,na,32437,save,stl,random
2024-02-25 09:31:19,2024-02-25 09:33:36,0,188.82.134.189,100,137,1,2024-02-25 09:33:36,R_5tDs67PDRb43Mif,,,,,40.2057,-8.4213,anonymous,EN,1,2.0,,2,1,,24,7,1,0.0,0.0,0.0,3,,5b339152afe1d00001c6c509,750,na,2848,,lts,blue
2024-02-25 09:31:34,2024-02-25 09:35:14,0,69.171.141.236,100,219,1,2024-02-25 09:35:14,R_333QLVphlF3899j,,,,,43.7489,-79.4422,anonymous,EN,1,,2.0,2,1,,36,5,0,0.0,0.0,0.0,3,,6501f545abe768142f469b08,500,600,32437,I needed enough of a sample size to show that it's closest to the center. ,stl,vas
2024-02-25 09:32:41,2024-02-25 09:35:14,0,195.222.114.191,100,152,1,2024-02-25 09:35:14,R_8iD8KAYNX5WOTKs,,,,,50.3195,18.8861,anonymous,EN,1,2.0,,2,3,,19,2,0,0.0,0.0,,3,,5fa3ea4112660a0401021336,500,na,9611,,lts,vas
2024-02-25 09:32:41,2024-02-25 09:35:19,0,94.7.26.149,100,157,1,2024-02-25 09:35:19,R_7qkEShkktri1AyV,,,,,51.8659,-2.2059,anonymous,EN,1,1.0,,2,2,,24,6,0,0.0,0.0,,2,,63ea8ec521931832f4b6b7cb,1500,na,21624,,lts,vas
2024-02-25 09:32:30,2024-02-25 09:35:39,0,5.249.15.215,100,188,1,2024-02-25 09:35:39,R_2FrEtFibUfcgGAF,,,,,41.1765,-8.6877,anonymous,EN,1,2.0,,3,1,,31,6,0,0.0,6.0,0.0,3,,5ef945aa4ffead6e3ea69289,200,600,844,I just reduce until it feels like the next reduction would destroy the pattern.,lts,outlier
2024-02-25 09:31:17,2024-02-25 09:35:44,0,79.21.35.16,100,267,1,2024-02-25 09:35:44,R_6klsyTmZlfQ0QPT,,,,,45.3984,12.4849,anonymous,EN,1,2.0,,2,1,,28,2,0,0.0,0.0,0.0,2,,5c24e83ac298750001776310,1500,na,9611,I wanted to make the ellipse in center very clear showing that there are fewer points around it,lts,outlier
2024-02-25 09:32:14,2024-02-25 09:35:49,0,163.116.169.78,100,214,1,2024-02-25 09:35:49,R_71ZwvtpdLN2QuCc,,,,,38.731,-9.1373,anonymous,EN,1,,1.0,3,1,,29,7,0,3.0,2.0,,2,,5e015e48946e97d428a04739,1000,1600,32437,Move slider to get most of points similar to original,stl,outlier
2024-02-25 09:32:51,2024-02-25 09:35:59,0,86.87.189.203,100,188,1,2024-02-25 09:35:59,R_1KXpJT3FT72lLwJ,,,,,52.1178,5.1872,anonymous,EN,1,,2.0,2,2,,35,6,2,0.0,0.0,0.0,3,,631113e0edc417962ab2524a,2000,na,32437,"Keeping only the center blob leaves out too much information about the spread of the original, which might lead to inaccurate conclusions",stl,blue
2024-02-25 09:32:20,2024-02-25 09:36:09,0,5.54.120.178,100,229,1,2024-02-25 09:36:10,R_3Ov5jcEW46VKNjT,,,,,39.3616,22.9414,anonymous,EN,1,2.0,,2,1,,26,6,42,6.0,0.0,0.0,2,,6046fd9e17b0fd17e02e80f2,1000,1200,6407,when all the dots in the center dissappear the sample does not correspond correctly to the original,lts,maxmin
2024-02-25 09:31:59,2024-02-25 09:36:12,0,77.206.138.157,100,253,1,2024-02-25 09:36:12,R_2v3bozHrJIteNl7,,,,,48.8323,2.4075,anonymous,EN,1,1.0,,3,1,,34,7,0,0.0,0.0,,2,,65ab975f05386c5723f05a20,500,na,32437,visual pattern,lts,blue
2024-02-25 09:32:14,2024-02-25 09:36:18,0,94.64.155.40,100,244,1,2024-02-25 09:36:19,R_2nV3bi55NHqlUan,,,,,37.9433,23.7098,anonymous,EN,1,2.0,,2,6,,24,6,1,,,,3,,61366373954c6965f1db1e88,200,na,32437,visual strategies,lts,random
2024-02-25 09:31:40,2024-02-25 09:36:40,0,213.134.162.196,100,299,1,2024-02-25 09:36:40,R_2nuULBtfrZ0jwQn,,,,,52.2296,21.0067,anonymous,EN,1,,1.0,2,1,,21,2,1,0.0,1.0,0.0,3,,609822321dee9d6950c2f6ef,2500,na,14416,seeing the disc on the inside,stl,maxmin
2024-02-25 09:32:51,2024-02-25 09:36:47,0,37.11.250.123,100,235,1,2024-02-25 09:36:47,R_1lsO1Ej1jJpG8mJ,,,,,43.5381,-5.6604,anonymous,EN,1,2.0,,2,2,,36,6,3,0.0,0.0,0.0,3,,5c561ac7ed664000018fe8b8,500,na,9611,,lts,maxmin
2024-02-25 09:32:57,2024-02-25 09:37:02,0,2.127.231.236,100,245,1,2024-02-25 09:37:03,R_10MdxBnWOBHI0wK,,,,,51.5033,-0.6894,anonymous,EN,1,,1.0,3,2,,37,2,0,0.0,17.0,0.0,3,,5a638fa6c0d836000107b8bc,1500,na,14416,There needed to still be a visable diagonal line through the cluster,stl,maxmin
2024-02-25 09:33:04,2024-02-25 09:37:15,0,90.200.230.206,100,251,1,2024-02-25 09:37:16,R_7k1RRXTJV4fvnJ7,,,,,52.6049,-1.1488,anonymous,EN,1,,2.0,3,2,,44,6,1,0.0,12.0,5.0,3,,5a5679b58e6259000175bec5,1000,1600,21624,area covered similar ,stl,outlier
2024-02-25 09:32:33,2024-02-25 09:37:15,0,91.235.230.40,100,281,1,2024-02-25 09:37:16,R_3xZaCREhrpqXnWN,,,,,50.038,22.0148,anonymous,EN,1,1.0,,2,2,,31,6,3,,6.0,,2,,60215dd35df8a610ca2ee17a,2000,na,1266,,lts,outlier
2024-02-25 09:32:39,2024-02-25 09:37:20,0,102.39.129.159,100,280,1,2024-02-25 09:37:20,R_3GN4JQRcRwPhJwB,,,,,-33.91,18.4304,anonymous,EN,1,,2.0,3,1,,57,6,1,1.0,0.0,0.0,3,I would have preferred more examples or attempts.,646cc5b2ee56fab32907947d,3000,na,na,I've got it now.,stl,blue
2024-02-25 09:32:04,2024-02-25 09:37:28,0,152.110.18.124,100,323,1,2024-02-25 09:37:28,R_2hs6hX8kfAnaCF7,,,,,-33.9249,18.4267,anonymous,EN,1,1.0,,2,2,,25,6,2,0.0,1.0,0.0,2,,6172b8e2b4517aba667af51f,1000,na,21624,have as many points in the same position,lts,vas
2024-02-25 09:31:29,2024-02-25 09:38:10,0,82.74.209.87,100,400,1,2024-02-25 09:38:10,R_1k04cYNA15ifgGo,,,,,51.1949,5.9836,anonymous,EN,1,,2.0,3,3,,22,2,0,0.0,0.0,,3,,5ec6c7286820ac0db0d68a19,200,1600,9611,,stl,maxmin
2024-02-25 09:31:37,2024-02-25 09:38:22,0,41.145.196.132,100,404,1,2024-02-25 09:38:24,R_2Btx4ASGhRKMeyT,,,,,-26.2309,28.0583,anonymous,EN,1,,2.0,3,1,,23,2,0,0.0,1.0,,3,The survey would be better if it had more examples.,650af19496df3f84df395376,200,na,1898,I looke dfor the sample with the minimum amount of dots that form a diagonal rod.,stl,blue
2024-02-25 09:33:56,2024-02-25 09:38:27,0,89.115.171.134,100,271,1,2024-02-25 09:38:28,R_5j9B0MFYTSiutVf,,,,,38.7373,-9.1945,anonymous,EN,1,,2.0,2,1,,24,7,2,1.0,1.0,,3,No,5c72a723c66879000152e6c9,3000,1600,9611,see if the images correspond to a bigger picture with a small as possible sample,stl,outlier
2024-02-25 09:33:34,2024-02-25 09:38:29,0,77.102.1.219,100,294,1,2024-02-25 09:38:29,R_6Ny3UNrmA5M5wo2,,,,,51.4895,-2.509,anonymous,EN,1,2.0,,2,2,,48,3,0,0.0,0.0,0.0,3,,5e285f486167be038c5c0a49,200,na,14416,I had to read the instructions several times to ensure I understood the task,lts,maxmin
2024-02-25 09:32:55,2024-02-25 09:39:03,0,89.210.251.143,100,367,1,2024-02-25 09:39:03,R_4n0kPOnIlMydrEz,,,,,38.0459,23.7968,anonymous,EN,1,,1.0,3,1,,54,6,0,0.0,32.0,,2,no,572f1c1d3c27e7000f0b31aa,200,1600,na,i used the slide until both are quite similar,stl,vas
2024-02-25 09:31:58,2024-02-25 09:39:06,0,92.108.13.38,100,427,1,2024-02-25 09:39:06,R_5sb4S9XjjegGmZQ,,,,,52.3882,4.8844,anonymous,EN,1,,2.0,2,2,,21,2,1,1.0,0.0,0.0,2,No,659569f44ae8a896dba455cc,200,1600,6407,"I wanted to see more points around the oval shape points, so it has a bit more resemblance.",stl,random
2024-02-25 09:32:18,2024-02-25 09:39:34,0,143.160.192.100,100,435,1,2024-02-25 09:39:34,R_3lWBko4UMW34UfL,,,,,-25.8681,25.6532,anonymous,EN,1,,1.0,3,2,,21,2,0,0.0,0.0,0.0,2,n.a,61157273a0e603f5aaf6ff2e,200,na,1898,I I looked at the intensity on the first or original picture,stl,vas
2024-02-25 09:31:50,2024-02-25 09:39:37,0,181.226.104.170,100,467,1,2024-02-25 09:39:38,R_7KptlK0Ntspn3g2,,,,,-38.7315,-72.5992,anonymous,EN,1,,2.0,2,1,,25,6,5,0.0,1.0,0.0,2,-,5e96382f6b86610c22b0ae1c,2000,na,na,Nothing in particular with this one,stl,random
2024-02-25 09:34:24,2024-02-25 09:40:22,0,84.194.153.11,100,358,1,2024-02-25 09:40:22,R_40Hm0gV41rdRxzx,,,,,50.8195,5.1863,anonymous,EN,1,,2.0,2,1,,27,7,2,1.0,0.0,,3,,616c8264f42d670ee1986764,750,na,1898,"I felt like the very dense line in the middle was always well represented, but that enough sample points to show some of the outliers were required before stopping.",stl,random
2024-02-25 09:33:21,2024-02-25 09:40:34,0,79.252.223.247,100,432,1,2024-02-25 09:40:35,R_5eUNSLsfZHTdYnj,,,,,50.8021,8.7857,anonymous,EN,1,2.0,,2,2,,26,7,3,1.0,0.0,,2,,608c7fe82e077d3c9c96ccf1,200,na,563,"No particular strategy, just seeing if I the spread is still indicative enough of the pattern of the original. If not than I add more points until it is. ",lts,blue
2024-02-25 09:37:10,2024-02-25 09:41:05,0,89.67.122.45,100,235,1,2024-02-25 09:41:05,R_3zHd0afkYUv9xHt,,,,,54.4427,18.5568,anonymous,EN,1,2.0,,2,2,,26,7,1,1.0,6.0,0.0,3,no,5f305d13ab238649772668b6,1500,na,6407,,lts,random
2024-02-25 09:33:03,2024-02-25 09:41:17,0,31.217.167.41,100,493,1,2024-02-25 09:41:17,R_1pbBJ5utDHOTKTD,,,,,37.9842,23.7353,anonymous,EN,1,1.0,,1,2,,23,3,40,,,,3,,60dd6b5c027602d524ec35b3,2000,800,4271,First I made sure the multiple dots at the center were dense enough. Then I added as few dots as possible so that you can tell they are a little less dense as you get further away from the center and fewer as the distance grows.,lts,blue
2024-02-25 09:35:49,2024-02-25 09:41:38,0,41.135.34.173,100,348,1,2024-02-25 09:41:38,R_8aaxn5zia0EQK9P,,,,,-26.2309,28.0583,anonymous,EN,1,,2.0,3,1,,26,6,1,0.0,2.0,,2,,6121eb69c7d872f485a617ad,3000,1000,21624,Took a look at the original and depicted the number of points that are on the sample picture.,stl,maxmin
2024-02-25 09:33:36,2024-02-25 09:44:31,0,41.116.130.116,100,655,1,2024-02-25 09:44:32,R_5Fqudo4H8rqHTuH,,,,,-28.9984,23.9888,anonymous,EN,1,,1.0,3,2,,30,6,1,0.0,0.0,0.0,2,the instructions are not very clear and understandable,6505c9e9d74b5715470104c6,1500,na,1898,I worked from the back until i got the right answer,stl,vas
2024-02-25 09:35:06,2024-02-25 09:44:35,0,41.26.44.203,100,568,1,2024-02-25 09:44:36,R_87fEdNt94oxc5XB,,,,,-26.2309,28.0583,anonymous,EN,1,2.0,,3,1,,23,6,1,1.0,1.0,0.0,3,no,64e905e3eea5a5ce019a1f88,2500,1600,21624,"the study was interesting, but the dots part was a bit confusing ",lts,outlier
2024-02-25 09:40:57,2024-02-25 09:46:04,0,102.220.209.89,100,306,1,2024-02-25 09:46:04,R_2pRgonA7V62XTVZ,,,,,-33.91,18.4304,anonymous,EN,1,,1.0,2,1,,22,6,2,0.0,0.0,,3,,610b20b3294e622057a91c7c,750,200,4271,"The original pattern shows a increase in x with a increase in y, but only later on the outliers can be seen, and thats why i went till there were more outliers.",stl,random
2024-02-25 09:35:29,2024-02-25 09:48:09,0,148.71.93.60,100,759,1,2024-02-25 09:48:09,R_26lLMJjYy1SFCvp,,,,,38.7373,-9.1945,anonymous,EN,1,,2.0,2,1,,36,8,1,0.0,0.0,1.0,3,"Our education system in my country does not work with ""undergraduate"" and ""graduate"" courses, if I understand that system correctly. I had one optional curricular unit about statistics, and long after graduating, attended a course on investigation.",6151be9cd63f6bdec7c63fc6,200,na,6407,"This is a tricky visualization, because even in the original, such a great amount of points in the diagonal make the whole of the ""cloud"" look like outliers, even though those certainly have a pattern in of themselves, which is relevant to understand in order to capture what's signified by the data. As such, I chose the first sample in which said ""cloud"" seems to take a semblance of shape, letting the viewer know that those apparent outliers do have some representation and a distribution of their own.",stl,outlier
2024-02-25 09:33:05,2024-02-25 09:53:14,0,213.197.95.148,100,1208,1,2024-02-25 09:53:14,R_5P4kL8T8NNa6nzr,,,,,47.5636,19.0947,anonymous,EN,1,2.0,,2,2,,21,3,0,2.0,0.0,0.0,3,,61073189bb137b703f6d7b59,1000,1600,21624,"I just compared it to the original, and chose the one that looks the most similar, with less points than the original.",lts,vas
2024-02-25 09:33:37,2024-02-25 09:57:09,0,161.230.239.42,100,1411,1,2024-02-25 09:57:09,R_2EXYzaoBePLtIkg,,,,,41.1691,-8.6793,anonymous,EN,1,2.0,,2,2,,27,6,0,1.0,9.0,,3,,5b05a401f1810a0001e52002,750,na,14416,The reduced painted area is on the same spot as the original.,lts,vas
2024-02-25 10:15:20,2024-02-25 10:22:53,0,109.79.37.25,100,453,1,2024-02-25 10:22:54,R_24jTpx5tiqL962a,,,,,53.2811,-6.3725,anonymous,EN,1,2.0,,3,1,,19,2,0,0.0,0.0,0.0,2,No,6541198e1e471eaf39137012,200,na,na,I used the slider to reduce number of points and it does not resemble the original at all,lts,random
2024-02-25 10:16:45,2024-02-25 10:24:34,0,5.38.193.126,100,469,1,2024-02-25 10:24:35,R_2JR2NNQNfXqQyS5,,,,,47.339,19.0399,anonymous,EN,1,,1.0,3,1,,20,1,1,0.0,0.0,,2,,659b34567fa14c73800c92c4,3000,na,14416,,stl,maxmin
